pair_id,seed_label,side,stage,structure,x,y,distance_to_skeleton,distance_to_junction,distance_to_endpoint
35_r_t,G0_seed3407,query,detected,non_vessel,1299.0,87.0,9.009307861328125,12.162185668945312,16.143646240234375
35_r_t,G0_seed3407,query,detected,junction,1424.0,96.0,0.9550018310546875,4.648590087890625,0.9550018310546875
35_r_t,G0_seed3407,query,detected,non_vessel,1107.0,108.0,110.23190307617188,114.21336364746094,111.06048583984375
35_r_t,G0_seed3407,query,detected,junction,1299.0,132.0,3.6935882568359375,6.9728851318359375,3.6935882568359375
35_r_t,G0_seed3407,query,detected,non_vessel,1005.0,141.0,24.197952270507812,28.144378662109375,26.107955932617188
35_r_t,G0_seed3407,query,detected,junction,1420.0,141.0,2.8650054931640625,2.8650054931640625,12.57647705078125
35_r_t,G0_seed3407,query,detected,junction,1633.0,164.0,5.6035919189453125,5.6035919189453125,110.64619445800781
35_r_t,G0_seed3407,query,detected,non_vessel,1022.0,191.0,25.279373168945312,26.648666381835938,28.685089111328125
35_r_t,G0_seed3407,query,detected,non_vessel,1177.0,200.0,77.43893432617188,90.71757507324219,77.43893432617188
35_r_t,G0_seed3407,query,detected,junction,1296.0,209.0,0.9550018310546875,0.9550018310546875,11.747894287109375
35_r_t,G0_seed3407,query,detected,junction,1724.0,220.0,1.369293212890625,3.279296875,1.369293212890625
35_r_t,G0_seed3407,query,detected,non_vessel,1427.0,231.0,25.532211303710938,28.270797729492188,25.532211303710938
35_r_t,G0_seed3407,query,detected,non_vessel,1630.0,236.0,55.425140380859375,55.965850830078125,97.76812744140625
35_r_t,G0_seed3407,query,detected,non_vessel,995.0,238.0,44.99018859863281,46.35948181152344,44.99018859863281
35_r_t,G0_seed3407,query,detected,non_vessel,1049.0,245.0,43.8173828125,43.8173828125,44.35809326171875
35_r_t,G0_seed3407,query,detected,junction,1717.0,258.0,5.189300537109375,6.01788330078125,22.252914428710938
35_r_t,G0_seed3407,query,detected,non_vessel,897.0,265.0,20.25152587890625,21.747238159179688,20.25152587890625
35_r_t,G0_seed3407,query,detected,non_vessel,1613.0,270.0,94.93815612792969,95.47886657714844,106.32810974121094
35_r_t,G0_seed3407,query,detected,non_vessel,988.0,274.0,27.568634033203125,28.93792724609375,27.568634033203125
35_r_t,G0_seed3407,query,detected,junction,1299.0,274.0,5.189300537109375,5.189300537109375,7.387176513671875
35_r_t,G0_seed3407,query,detected,junction,1235.0,279.0,0.9550018310546875,4.648590087890625,6.1443023681640625
35_r_t,G0_seed3407,query,detected,non_vessel,786.0,281.0,107.80250549316406,109.58609008789062,107.80250549316406
35_r_t,G0_seed3407,query,detected,non_vessel,1819.0,283.0,93.59017944335938,93.59017944335938,95.78805541992188
35_r_t,G0_seed3407,query,detected,junction,1717.0,308.0,1.910003662109375,5.6035919189453125,2.3242950439453125
35_r_t,G0_seed3407,query,detected,junction,1137.0,312.0,0.0,2.3242950439453125,0.0
35_r_t,G0_seed3407,query,detected,junction,1279.0,312.0,0.9550018310546875,2.3242950439453125,0.9550018310546875
35_r_t,G0_seed3407,query,detected,junction,1454.0,317.0,0.9550018310546875,0.9550018310546875,15.567901611328125
35_r_t,G0_seed3407,query,detected,junction,1323.0,319.0,6.1443023681640625,6.1443023681640625,9.964309692382812
35_r_t,G0_seed3407,query,detected,junction,1215.0,324.0,0.9550018310546875,2.3242950439453125,0.9550018310546875
35_r_t,G0_seed3407,query,detected,non_vessel,1593.0,330.0,75.89447021484375,80.00234985351562,75.89447021484375
35_r_t,G0_seed3407,query,detected,junction,1404.0,337.0,1.910003662109375,2.8650054931640625,1.910003662109375
35_r_t,G0_seed3407,query,detected,junction,1002.0,342.0,2.3242950439453125,2.3242950439453125,2.8650054931640625
35_r_t,G0_seed3407,query,detected,junction,1194.0,355.0,0.9550018310546875,0.9550018310546875,4.2342987060546875
35_r_t,G0_seed3407,query,detected,junction,1711.0,373.0,2.8650054931640625,2.8650054931640625,12.702896118164062
35_r_t,G0_seed3407,query,detected,non_vessel,1029.0,378.0,16.270065307617188,25.279373168945312,16.270065307617188
35_r_t,G0_seed3407,query,detected,non_vessel,1329.0,391.0,40.66450500488281,41.20521545410156,55.7830810546875
35_r_t,G0_seed3407,query,detected,non_vessel,1842.0,393.0,55.97956848144531,57.88957214355469,59.385284423828125
35_r_t,G0_seed3407,query,detected,endpoint,1579.0,400.0,3.279296875,9.837890625,3.279296875
35_r_t,G0_seed3407,query,detected,junction,1481.0,402.0,2.3242950439453125,3.6935882568359375,2.3242950439453125
35_r_t,G0_seed3407,query,detected,junction,1204.0,405.0,5.730010986328125,5.730010986328125,6.846466064453125
35_r_t,G0_seed3407,query,detected,junction,1269.0,407.0,0.9550018310546875,2.3242950439453125,2.3242950439453125
35_r_t,G0_seed3407,query,detected,junction,853.0,411.0,3.6935882568359375,3.6935882568359375,17.927230834960938
35_r_t,G0_seed3407,query,detected,junction,921.0,418.0,1.910003662109375,3.6935882568359375,7.09930419921875
35_r_t,G0_seed3407,query,detected,non_vessel,1417.0,418.0,62.158905029296875,62.158905029296875,64.06890869140625
35_r_t,G0_seed3407,query,detected,junction,1164.0,423.0,0.9550018310546875,0.9550018310546875,5.0628814697265625
35_r_t,G0_seed3407,query,detected,junction,1795.0,432.0,0.9550018310546875,0.9550018310546875,1.910003662109375
35_r_t,G0_seed3407,query,detected,non_vessel,1029.0,434.0,65.83877563476562,70.64881896972656,65.96519470214844
35_r_t,G0_seed3407,query,detected,non_vessel,1336.0,447.0,31.585128784179688,32.12583923339844,31.585128784179688
35_r_t,G0_seed3407,query,detected,junction,1944.0,447.0,1.369293212890625,1.369293212890625,1.910003662109375
35_r_t,G0_seed3407,query,detected,junction,1144.0,456.0,2.73858642578125,3.279296875,3.279296875
35_r_t,G0_seed3407,query,detected,junction,1728.0,456.0,0.9550018310546875,0.9550018310546875,71.28091430664062
35_r_t,G0_seed3407,query,detected,junction,884.0,465.0,2.3242950439453125,2.73858642578125,5.730010986328125
35_r_t,G0_seed3407,query,detected,junction,1586.0,465.0,1.910003662109375,1.910003662109375,42.988800048828125
35_r_t,G0_seed3407,query,detected,non_vessel,627.0,472.0,94.39744567871094,96.1810302734375,103.18894958496094
35_r_t,G0_seed3407,query,detected,junction,1495.0,474.0,1.910003662109375,2.3242950439453125,15.567901611328125
35_r_t,G0_seed3407,query,detected,non_vessel,958.0,483.0,65.52958679199219,66.68107604980469,66.07029724121094
35_r_t,G0_seed3407,query,detected,junction,1545.0,483.0,1.369293212890625,1.369293212890625,17.927230834960938
35_r_t,G0_seed3407,query,detected,junction,1076.0,497.0,2.8650054931640625,2.8650054931640625,5.730010986328125
35_r_t,G0_seed3407,query,detected,junction,1927.0,497.0,0.9550018310546875,6.1443023681640625,3.279296875
35_r_t,G0_seed3407,query,detected,junction,1343.0,503.0,3.279296875,6.4321746826171875,3.279296875
35_r_t,G0_seed3407,query,detected,non_vessel,1444.0,506.0,48.70509338378906,48.70509338378906,50.488677978515625
35_r_t,G0_seed3407,query,detected,junction,1731.0,506.0,2.73858642578125,2.73858642578125,61.31660461425781
35_r_t,G0_seed3407,query,detected,junction,715.0,510.0,0.0,0.9550018310546875,4.2342987060546875
35_r_t,G0_seed3407,query,detected,junction,864.0,522.0,2.8650054931640625,2.8650054931640625,16.235031127929688
35_r_t,G0_seed3407,query,detected,non_vessel,1819.0,522.0,76.400146484375,76.400146484375,85.56330871582031
35_r_t,G0_seed3407,query,detected,non_vessel,1282.0,524.0,57.30010986328125,57.30010986328125,59.91227722167969
35_r_t,G0_seed3407,query,detected,junction,1508.0,533.0,1.910003662109375,3.279296875,1.910003662109375
35_r_t,G0_seed3407,query,detected,junction,1582.0,535.0,1.910003662109375,6.01788330078125,1.910003662109375
35_r_t,G0_seed3407,query,detected,non_vessel,1026.0,544.0,63.90745544433594,65.27674865722656,63.90745544433594
35_r_t,G0_seed3407,query,detected,non_vessel,729.0,546.0,24.0364990234375,25.405792236328125,39.47798156738281
35_r_t,G0_seed3407,query,detected,non_vessel,1417.0,549.0,73.38740539550781,75.71170043945312,73.38740539550781
35_r_t,G0_seed3407,query,detected,non_vessel,1110.0,555.0,61.83599853515625,61.96241760253906,61.83599853515625
35_r_t,G0_seed3407,query,detected,endpoint,1900.0,573.0,3.82000732421875,8.7564697265625,3.82000732421875
35_r_t,G0_seed3407,query,detected,junction,1738.0,576.0,2.8650054931640625,2.8650054931640625,10.252182006835938
35_r_t,G0_seed3407,query,detected,junction,1535.0,578.0,0.9550018310546875,0.9550018310546875,14.233642578125
35_r_t,G0_seed3407,query,detected,junction,830.0,580.0,2.8650054931640625,4.2342987060546875,8.21575927734375
35_r_t,G0_seed3407,query,detected,non_vessel,880.0,580.0,40.08876037597656,40.08876037597656,40.37663269042969
35_r_t,G0_seed3407,query,detected,non_vessel,1805.0,587.0,61.948699951171875,61.948699951171875,64.98887634277344
35_r_t,G0_seed3407,query,detected,non_vessel,1208.0,594.0,74.18095397949219,75.00953674316406,74.18095397949219
35_r_t,G0_seed3407,query,detected,junction,1609.0,596.0,0.9550018310546875,0.9550018310546875,7.927886962890625
35_r_t,G0_seed3407,query,detected,non_vessel,1110.0,612.0,76.26612854003906,76.26612854003906,109.69119262695312
35_r_t,G0_seed3407,query,detected,non_vessel,1876.0,612.0,10.125762939453125,10.954345703125,10.125762939453125
35_r_t,G0_seed3407,query,detected,non_vessel,560.0,614.0,23.242950439453125,23.783660888671875,23.242950439453125
35_r_t,G0_seed3407,query,detected,endpoint,1329.0,616.0,6.1443023681640625,10.792892456054688,6.1443023681640625
35_r_t,G0_seed3407,query,detected,junction,1731.0,616.0,2.73858642578125,2.73858642578125,2.8650054931640625
35_r_t,G0_seed3407,query,detected,non_vessel,1026.0,618.0,49.69512939453125,52.686553955078125,49.69512939453125
35_r_t,G0_seed3407,query,detected,non_vessel,1262.0,623.0,15.027191162109375,16.396484375,15.027191162109375
35_r_t,G0_seed3407,query,detected,non_vessel,2038.0,630.0,143.05990600585938,144.82977294921875,143.05990600585938
35_r_t,G0_seed3407,query,detected,junction,1569.0,632.0,1.369293212890625,3.6935882568359375,1.369293212890625
35_r_t,G0_seed3407,query,detected,junction,1630.0,645.0,0.9550018310546875,1.369293212890625,25.1529541015625
35_r_t,G0_seed3407,query,detected,non_vessel,1930.0,650.0,52.03314208984375,52.03314208984375,54.7366943359375
35_r_t,G0_seed3407,query,detected,junction,816.0,661.0,3.82000732421875,3.82000732421875,14.900772094726562
35_r_t,G0_seed3407,query,detected,non_vessel,1427.0,663.0,54.06956481933594,55.43885803222656,54.06956481933594
35_r_t,G0_seed3407,query,detected,junction,1167.0,666.0,1.910003662109375,1.910003662109375,95.26106262207031
35_r_t,G0_seed3407,query,detected,non_vessel,965.0,670.0,47.209381103515625,47.91154479980469,50.2708740234375
35_r_t,G0_seed3407,query,detected,non_vessel,1053.0,670.0,30.433639526367188,30.433639526367188,33.71293640136719
35_r_t,G0_seed3407,query,detected,junction,1728.0,670.0,2.8650054931640625,2.8650054931640625,12.0357666015625
35_r_t,G0_seed3407,query,detected,non_vessel,590.0,679.0,32.21722412109375,35.37010192871094,32.21722412109375
35_r_t,G0_seed3407,query,detected,junction,911.0,679.0,2.73858642578125,4.107879638671875,23.910079956054688
35_r_t,G0_seed3407,query,detected,non_vessel,732.0,686.0,80.63444519042969,80.63444519042969,81.86972045898438
35_r_t,G0_seed3407,query,detected,junction,1508.0,693.0,2.73858642578125,3.279296875,2.73858642578125
35_r_t,G0_seed3407,query,detected,non_vessel,1356.0,699.0,80.29022216796875,83.44309997558594,82.07380676269531
35_r_t,G0_seed3407,query,detected,junction,1603.0,699.0,0.0,0.0,3.279296875
35_r_t,G0_seed3407,query,detected,junction,857.0,704.0,2.8650054931640625,3.6935882568359375,3.6935882568359375
35_r_t,G0_seed3407,query,detected,non_vessel,1306.0,706.0,49.66009521484375,49.66009521484375,52.4337158203125
35_r_t,G0_seed3407,query,detected,junction,1248.0,708.0,4.7750091552734375,4.7750091552734375,6.846466064453125
35_r_t,G0_seed3407,query,detected,junction,1657.0,708.0,0.0,0.0,3.279296875
35_r_t,G0_seed3407,query,detected,junction,806.0,715.0,6.9728851318359375,6.9728851318359375,37.60301208496094
35_r_t,G0_seed3407,query,detected,non_vessel,1414.0,720.0,101.74958801269531,104.23533630371094,103.11888122558594
35_r_t,G0_seed3407,query,detected,junction,1728.0,724.0,0.9550018310546875,0.9550018310546875,3.82000732421875
35_r_t,G0_seed3407,query,detected,junction,999.0,729.0,1.910003662109375,1.910003662109375,5.0628814697265625
35_r_t,G0_seed3407,query,detected,non_vessel,1933.0,749.0,82.1575927734375,82.28401184082031,82.69830322265625
35_r_t,G0_seed3407,query,detected,non_vessel,1339.0,758.0,99.94468688964844,100.07110595703125,100.77326965332031
35_r_t,G0_seed3407,query,detected,non_vessel,1039.0,760.0,47.349517822265625,47.349517822265625,48.465972900390625
35_r_t,G0_seed3407,query,detected,non_vessel,1582.0,762.0,46.55596923828125,46.55596923828125,46.808807373046875
35_r_t,G0_seed3407,query,detected,junction,1674.0,762.0,1.910003662109375,1.910003662109375,9.009307861328125
35_r_t,G0_seed3407,query,detected,non_vessel,729.0,765.0,52.52510070800781,52.52510070800781,61.60447692871094
35_r_t,G0_seed3407,query,detected,non_vessel,972.0,765.0,39.83592224121094,44.8988037109375,39.83592224121094
35_r_t,G0_seed3407,query,detected,junction,1150.0,765.0,3.6935882568359375,3.6935882568359375,4.648590087890625
35_r_t,G0_seed3407,query,detected,non_vessel,1228.0,767.0,51.675201416015625,56.32379150390625,51.675201416015625
35_r_t,G0_seed3407,query,detected,endpoint,837.0,769.0,0.9550018310546875,9.423599243164062,1.369293212890625
35_r_t,G0_seed3407,query,detected,non_vessel,1488.0,774.0,82.10884094238281,85.13529968261719,84.88246154785156
35_r_t,G0_seed3407,query,detected,non_vessel,1778.0,776.0,53.35368347167969,53.35368347167969,56.32379150390625
35_r_t,G0_seed3407,query,detected,non_vessel,1879.0,780.0,65.72607421875,65.72607421875,68.9703369140625
35_r_t,G0_seed3407,query,detected,non_vessel,705.0,789.0,69.46229553222656,69.46229553222656,83.29536437988281
35_r_t,G0_seed3407,query,detected,non_vessel,1242.0,805.0,82.16519165039062,86.81378173828125,82.16519165039062
35_r_t,G0_seed3407,query,detected,junction,1690.0,807.0,1.910003662109375,1.910003662109375,6.6850128173828125
35_r_t,G0_seed3407,query,detected,non_vessel,1383.0,810.0,108.13912963867188,146.8936309814453,108.13912963867188
35_r_t,G0_seed3407,query,detected,non_vessel,999.0,812.0,73.53514099121094,78.32386779785156,73.53514099121094
35_r_t,G0_seed3407,query,detected,non_vessel,1167.0,812.0,44.95515441894531,44.95515441894531,48.360870361328125
35_r_t,G0_seed3407,query,detected,junction,816.0,816.0,1.369293212890625,1.369293212890625,7.387176513671875
35_r_t,G0_seed3407,query,detected,non_vessel,661.0,819.0,38.07365417480469,42.307952880859375,38.07365417480469
35_r_t,G0_seed3407,query,detected,non_vessel,1950.0,819.0,144.5343017578125,148.10147094726562,144.5343017578125
35_r_t,G0_seed3407,query,detected,non_vessel,1501.0,828.0,66.48458862304688,82.57948303222656,66.48458862304688
35_r_t,G0_seed3407,query,detected,non_vessel,1609.0,828.0,85.47952270507812,86.84881591796875,85.47952270507812
35_r_t,G0_seed3407,query,detected,junction,1086.0,830.0,4.107879638671875,5.0628814697265625,7.09930419921875
35_r_t,G0_seed3407,query,detected,non_vessel,523.0,832.0,35.40513610839844,38.71946716308594,35.40513610839844
35_r_t,G0_seed3407,query,detected,non_vessel,924.0,834.0,9.170761108398438,10.125762939453125,9.170761108398438
35_r_t,G0_seed3407,query,detected,non_vessel,1275.0,850.0,133.01181030273438,136.00323486328125,133.01181030273438
35_r_t,G0_seed3407,query,detected,junction,1738.0,852.0,4.7750091552734375,4.7750091552734375,15.602935791015625
35_r_t,G0_seed3407,query,detected,non_vessel,1144.0,861.0,60.62815856933594,60.91603088378906,64.37809753417969
35_r_t,G0_seed3407,query,detected,non_vessel,1852.0,866.0,106.58094787597656,106.58094787597656,110.09176635742188
35_r_t,G0_seed3407,query,detected,junction,793.0,870.0,2.8650054931640625,2.8650054931640625,5.4771728515625
35_r_t,G0_seed3407,query,detected,junction,654.0,872.0,6.6850128173828125,6.9728851318359375,6.6850128173828125
35_r_t,G0_seed3407,query,detected,non_vessel,870.0,886.0,9.964309692382812,10.9193115234375,31.009384155273438
35_r_t,G0_seed3407,query,detected,non_vessel,1937.0,891.0,191.27304077148438,193.5973358154297,192.5159149169922
35_r_t,G0_seed3407,query,detected,non_vessel,1346.0,895.0,113.10450744628906,147.01393127441406,115.7166748046875
35_r_t,G0_seed3407,query,detected,junction,1488.0,911.0,4.2342987060546875,4.7750091552734375,4.2342987060546875
35_r_t,G0_seed3407,query,detected,non_vessel,1674.0,911.0,69.31455993652344,75.96453857421875,69.31455993652344
35_r_t,G0_seed3407,query,detected,non_vessel,1191.0,915.0,127.88497924804688,128.80494689941406,131.63491821289062
35_r_t,G0_seed3407,query,detected,non_vessel,931.0,929.0,69.33587646484375,69.71513366699219,69.33587646484375
35_r_t,G0_seed3407,query,detected,non_vessel,1798.0,931.0,89.09544372558594,90.59115600585938,107.29682922363281
35_r_t,G0_seed3407,query,detected,junction,708.0,936.0,2.73858642578125,3.279296875,10.125762939453125
35_r_t,G0_seed3407,query,detected,junction,850.0,936.0,5.189300537109375,5.189300537109375,10.666473388671875
35_r_t,G0_seed3407,query,detected,non_vessel,1130.0,936.0,112.35971069335938,114.39613342285156,112.35971069335938
35_r_t,G0_seed3407,query,detected,junction,567.0,938.0,0.9550018310546875,2.3242950439453125,17.892196655273438
35_r_t,G0_seed3407,query,detected,non_vessel,1026.0,942.0,112.76028442382812,114.12957763671875,112.76028442382812
35_r_t,G0_seed3407,query,detected,non_vessel,1245.0,945.0,129.52842712402344,192.17169189453125,129.52842712402344
35_r_t,G0_seed3407,query,detected,non_vessel,1397.0,969.0,99.38265991210938,114.05191040039062,103.61695861816406
35_r_t,G0_seed3407,query,detected,junction,702.0,974.0,0.9550018310546875,1.369293212890625,18.559326171875
35_r_t,G0_seed3407,query,detected,junction,853.0,974.0,2.8650054931640625,2.8650054931640625,21.838623046875
35_r_t,G0_seed3407,query,detected,non_vessel,1775.0,976.0,67.11668395996094,67.53097534179688,67.11668395996094
35_r_t,G0_seed3407,query,detected,non_vessel,1306.0,990.0,146.97129821777344,169.08407592773438,146.97129821777344
35_r_t,G0_seed3407,query,detected,junction,762.0,1005.0,2.8650054931640625,2.8650054931640625,8.7564697265625
35_r_t,G0_seed3407,query,detected,non_vessel,1525.0,1007.0,93.60389709472656,97.42390441894531,93.60389709472656
35_r_t,G0_seed3407,query,detected,junction,918.0,1012.0,4.2342987060546875,4.2342987060546875,8.7564697265625
35_r_t,G0_seed3407,query,detected,endpoint,1674.0,1012.0,2.73858642578125,10.666473388671875,2.73858642578125
35_r_t,G0_seed3407,query,detected,non_vessel,1890.0,1012.0,137.18215942382812,137.18215942382812,138.38999938964844
35_r_t,G0_seed3407,query,detected,non_vessel,1036.0,1017.0,36.99223327636719,38.36152648925781,36.99223327636719
35_r_t,G0_seed3407,query,detected,junction,705.0,1019.0,2.3242950439453125,2.3242950439453125,6.1443023681640625
35_r_t,G0_seed3407,query,detected,non_vessel,1397.0,1019.0,133.51748657226562,137.04962158203125,133.7764434814453
35_r_t,G0_seed3407,query,detected,vessel_segment,583.0,1021.0,7.927886962890625,13.405059814453125,10.252182006835938
35_r_t,G0_seed3407,query,detected,junction,857.0,1023.0,0.9550018310546875,0.9550018310546875,24.289337158203125
35_r_t,G0_seed3407,query,detected,non_vessel,2052.0,1026.0,244.68919372558594,244.68919372558594,245.77061462402344
35_r_t,G0_seed3407,query,detected,non_vessel,1221.0,1028.0,50.053070068359375,122.84341430664062,50.053070068359375
35_r_t,G0_seed3407,query,detected,non_vessel,1734.0,1046.0,42.79231262207031,44.70231628417969,42.79231262207031
35_r_t,G0_seed3407,query,detected,non_vessel,1458.0,1048.0,116.17971801757812,122.19760131835938,120.82830810546875
35_r_t,G0_seed3407,query,detected,non_vessel,1539.0,1050.0,92.69764709472656,92.69764709472656,105.09895324707031
35_r_t,G0_seed3407,query,detected,non_vessel,550.0,1053.0,51.22587585449219,52.721588134765625,51.22587585449219
35_r_t,G0_seed3407,query,detected,junction,1039.0,1055.0,1.369293212890625,1.369293212890625,1.369293212890625
35_r_t,G0_seed3407,query,detected,junction,1650.0,1062.0,2.3242950439453125,2.3242950439453125,2.8650054931640625
35_r_t,G0_seed3407,query,detected,non_vessel,1161.0,1064.0,14.360061645507812,60.466705322265625,14.360061645507812
35_r_t,G0_seed3407,query,detected,junction,729.0,1080.0,0.0,3.279296875,1.369293212890625
35_r_t,G0_seed3407,query,detected,junction,850.0,1082.0,3.6935882568359375,3.6935882568359375,4.2342987060546875
35_r_t,G0_seed3407,query,detected,junction,1107.0,1095.0,4.2342987060546875,5.0628814697265625,5.0628814697265625
35_r_t,G0_seed3407,query,detected,non_vessel,1053.0,1111.0,44.34437561035156,44.34437561035156,49.66009521484375
35_r_t,G0_seed3407,query,detected,junction,1788.0,1116.0,6.6850128173828125,7.6400146484375,7.5135955810546875
35_r_t,G0_seed3407,query,detected,endpoint,1157.0,1118.0,6.6850128173828125,10.37860107421875,6.6850128173828125
35_r_t,G0_seed3407,query,detected,junction,988.0,1122.0,1.910003662109375,1.910003662109375,2.73858642578125
35_r_t,G0_seed3407,query,detected,non_vessel,654.0,1125.0,85.58462524414062,86.4132080078125,85.58462524414062
35_r_t,G0_seed3407,query,detected,non_vessel,1329.0,1129.0,25.440826416015625,26.81011962890625,25.440826416015625
35_r_t,G0_seed3407,query,detected,junction,840.0,1131.0,1.910003662109375,2.73858642578125,9.009307861328125
35_r_t,G0_seed3407,query,detected,junction,1589.0,1134.0,2.73858642578125,2.73858642578125,45.657318115234375
35_r_t,G0_seed3407,query,detected,junction,1674.0,1134.0,0.9550018310546875,0.9550018310546875,2.8650054931640625
35_r_t,G0_seed3407,query,detected,junction,1410.0,1154.0,2.73858642578125,2.73858642578125,3.279296875
35_r_t,G0_seed3407,query,detected,non_vessel,1458.0,1161.0,42.97508239746094,45.17295837402344,43.80366516113281
35_r_t,G0_seed3407,query,detected,endpoint,1623.0,1167.0,6.9728851318359375,9.711471557617188,6.9728851318359375
35_r_t,G0_seed3407,query,detected,junction,1849.0,1167.0,0.9550018310546875,2.3242950439453125,4.2342987060546875
35_r_t,G0_seed3407,query,detected,non_vessel,928.0,1172.0,62.07511901855469,62.07511901855469,62.18022155761719
35_r_t,G0_seed3407,query,detected,junction,742.0,1176.0,2.8650054931640625,2.8650054931640625,3.6935882568359375
35_r_t,G0_seed3407,query,detected,non_vessel,1053.0,1185.0,57.30010986328125,57.30010986328125,59.63812255859375
35_r_t,G0_seed3407,query,detected,non_vessel,1140.0,1185.0,14.325027465820312,18.559326171875,14.325027465820312
35_r_t,G0_seed3407,query,detected,non_vessel,1680.0,1190.0,14.900772094726562,15.85577392578125,21.747238159179688
35_r_t,G0_seed3407,query,detected,junction,985.0,1197.0,2.73858642578125,2.73858642578125,6.4321746826171875
35_r_t,G0_seed3407,query,detected,non_vessel,1387.0,1199.0,25.18798828125,25.18798828125,47.40586853027344
35_r_t,G0_seed3407,query,detected,non_vessel,924.0,1215.0,55.17230224609375,56.35882568359375,55.17230224609375
35_r_t,G0_seed3407,query,detected,endpoint,1876.0,1215.0,7.6400146484375,9.009307861328125,7.6400146484375
35_r_t,G0_seed3407,query,detected,non_vessel,1279.0,1224.0,58.739471435546875,60.1087646484375,58.739471435546875
35_r_t,G0_seed3407,query,detected,junction,1508.0,1226.0,3.6935882568359375,3.6935882568359375,3.6935882568359375
35_r_t,G0_seed3407,query,detected,junction,1339.0,1239.0,1.369293212890625,1.369293212890625,1.910003662109375
35_r_t,G0_seed3407,query,detected,junction,1822.0,1244.0,3.6935882568359375,3.6935882568359375,4.107879638671875
35_r_t,G0_seed3407,query,detected,non_vessel,1694.0,1246.0,11.080764770507812,13.531478881835938,11.080764770507812
35_r_t,G0_seed3407,query,detected,junction,1410.0,1262.0,1.369293212890625,1.369293212890625,3.6935882568359375
35_r_t,G0_seed3407,query,detected,non_vessel,1218.0,1264.0,81.42039489746094,82.37539672851562,81.42039489746094
35_r_t,G0_seed3407,query,detected,junction,1015.0,1266.0,7.09930419921875,7.6400146484375,7.09930419921875
35_r_t,G0_seed3407,query,detected,junction,1542.0,1271.0,4.648590087890625,6.1443023681640625,7.6400146484375
35_r_t,G0_seed3407,query,detected,junction,1471.0,1280.0,2.3242950439453125,2.3242950439453125,27.3858642578125
35_r_t,G0_seed3407,query,detected,non_vessel,1944.0,1282.0,99.79695129394531,101.16624450683594,99.79695129394531
35_r_t,G0_seed3407,query,detected,non_vessel,904.0,1289.0,42.57450866699219,44.070220947265625,42.57450866699219
35_r_t,G0_seed3407,query,detected,non_vessel,1836.0,1296.0,36.865814208984375,44.37940979003906,39.19010925292969
35_r_t,G0_seed3407,query,detected,junction,1431.0,1320.0,3.6935882568359375,3.6935882568359375,39.44294738769531
35_r_t,G0_seed3407,query,detected,junction,1100.0,1323.0,0.9550018310546875,2.3242950439453125,10.792892456054688
35_r_t,G0_seed3407,query,detected,junction,1498.0,1325.0,2.3242950439453125,2.3242950439453125,14.072189331054688
35_r_t,G0_seed3407,query,detected,junction,1572.0,1325.0,1.910003662109375,1.910003662109375,2.73858642578125
35_r_t,G0_seed3407,query,detected,junction,1262.0,1327.0,5.189300537109375,5.6035919189453125,5.189300537109375
35_r_t,G0_seed3407,query,detected,non_vessel,1724.0,1336.0,19.837234497070312,21.206527709960938,19.837234497070312
35_r_t,G0_seed3407,query,detected,non_vessel,735.0,1341.0,50.053070068359375,51.42236328125,50.053070068359375
35_r_t,G0_seed3407,query,detected,junction,1056.0,1341.0,2.8650054931640625,3.6935882568359375,3.279296875
35_r_t,G0_seed3407,query,detected,endpoint,1211.0,1350.0,1.910003662109375,46.52093505859375,5.189300537109375
35_r_t,G0_seed3407,query,detected,non_vessel,992.0,1365.0,60.361602783203125,63.51448059082031,60.361602783203125
35_r_t,G0_seed3407,query,detected,non_vessel,1876.0,1368.0,115.17596435546875,115.17596435546875,115.8568115234375
35_r_t,G0_seed3407,query,detected,junction,1059.0,1374.0,0.9550018310546875,3.279296875,18.559326171875
35_r_t,G0_seed3407,query,detected,junction,1282.0,1374.0,5.4771728515625,6.846466064453125,5.4771728515625
35_r_t,G0_seed3407,query,detected,non_vessel,830.0,1379.0,10.125762939453125,10.540054321289062,10.125762939453125
35_r_t,G0_seed3407,query,detected,junction,1579.0,1381.0,0.9550018310546875,0.9550018310546875,5.6035919189453125
35_r_t,G0_seed3407,query,detected,junction,1350.0,1383.0,3.279296875,6.1443023681640625,4.7750091552734375
35_r_t,G0_seed3407,query,detected,non_vessel,1292.0,1404.0,9.170761108398438,14.233642578125,9.170761108398438
35_r_t,G0_seed3407,query,detected,non_vessel,880.0,1417.0,16.649322509765625,19.387908935546875,16.649322509765625
35_r_t,G0_seed3407,query,detected,non_vessel,1525.0,1417.0,60.20014953613281,61.02873229980469,60.74085998535156
35_r_t,G0_seed3407,query,detected,junction,1748.0,1417.0,0.9550018310546875,4.2342987060546875,0.9550018310546875
35_r_t,G0_seed3407,query,detected,junction,1400.0,1426.0,4.107879638671875,4.7750091552734375,7.927886962890625
35_r_t,G0_seed3407,query,detected,endpoint,1086.0,1433.0,7.8014678955078125,11.49505615234375,7.8014678955078125
35_r_t,G0_seed3407,query,detected,junction,1188.0,1440.0,0.9550018310546875,0.9550018310546875,3.279296875
35_r_t,G0_seed3407,query,detected,non_vessel,1586.0,1442.0,29.605056762695312,31.515060424804688,29.605056762695312
35_r_t,G0_seed3407,query,detected,non_vessel,1805.0,1444.0,51.204559326171875,52.5738525390625,51.98439025878906
35_r_t,G0_seed3407,query,detected,junction,1150.0,1451.0,1.910003662109375,7.6400146484375,13.243606567382812
35_r_t,G0_seed3407,query,detected,non_vessel,975.0,1467.0,51.58381652832031,53.74665832519531,51.58381652832031
35_r_t,G0_seed3407,query,detected,junction,1255.0,1476.0,3.6935882568359375,6.1443023681640625,6.9728851318359375
35_r_t,G0_seed3407,query,detected,junction,1363.0,1478.0,2.3242950439453125,5.0628814697265625,2.3242950439453125
35_r_t,G0_seed3407,query,detected,non_vessel,1751.0,1482.0,32.88435363769531,66.72370910644531,32.88435363769531
35_r_t,G0_seed3407,query,detected,non_vessel,1083.0,1487.0,57.587982177734375,60.74085998535156,57.587982177734375
35_r_t,G0_seed3407,query,detected,non_vessel,1586.0,1491.0,76.400146484375,78.31015014648438,76.400146484375
35_r_t,G0_seed3407,query,detected,non_vessel,857.0,1496.0,65.5509033203125,65.5509033203125,83.99752807617188
35_r_t,G0_seed3407,query,detected,non_vessel,958.0,1509.0,65.33309936523438,68.32452392578125,65.33309936523438
35_r_t,G0_seed3407,query,detected,junction,1221.0,1509.0,4.107879638671875,4.107879638671875,22.863693237304688
35_r_t,G0_seed3407,query,detected,junction,1336.0,1521.0,3.279296875,3.279296875,8.595016479492188
35_r_t,G0_seed3407,query,detected,non_vessel,1157.0,1532.0,16.522903442382812,17.063613891601562,48.325836181640625
35_r_t,G0_seed3407,query,detected,junction,1015.0,1541.0,2.8650054931640625,5.4771728515625,4.648590087890625
35_r_t,G0_seed3407,query,detected,non_vessel,1667.0,1541.0,124.02993774414062,156.21212768554688,124.02993774414062
35_r_t,G0_seed3407,query,detected,non_vessel,1100.0,1548.0,38.81085205078125,40.180145263671875,80.50802612304688
35_r_t,G0_seed3407,query,detected,non_vessel,1579.0,1584.0,168.1153564453125,170.02536010742188,168.1153564453125
35_r_t,G0_seed3407,query,detected,non_vessel,1063.0,1604.0,73.61892700195312,80.84465026855469,75.40251159667969
35_r_t,G0_seed3407,query,detected,non_vessel,1323.0,1631.0,32.09080505371094,32.505096435546875,32.37867736816406
35_r_t,G0_seed3407,refer,detected,non_vessel,708.0,67.0,8.595016479492188,9.29718017578125,14.360061645507812
35_r_t,G0_seed3407,refer,detected,non_vessel,1792.0,67.0,188.70350646972656,190.0727996826172,188.70350646972656
35_r_t,G0_seed3407,refer,detected,non_vessel,1542.0,69.0,66.00022888183594,70.23452758789062,66.00022888183594
35_r_t,G0_seed3407,refer,detected,vessel_segment,955.0,72.0,7.927886962890625,11.080764770507812,9.29718017578125
35_r_t,G0_seed3407,refer,detected,endpoint,1120.0,72.0,1.369293212890625,15.188644409179688,1.369293212890625
35_r_t,G0_seed3407,refer,detected,junction,1265.0,72.0,5.189300537109375,5.4771728515625,5.189300537109375
35_r_t,G0_seed3407,refer,detected,non_vessel,1360.0,83.0,38.2000732421875,38.2000732421875,44.86376953125
35_r_t,G0_seed3407,refer,detected,junction,1063.0,108.0,1.369293212890625,1.369293212890625,6.1443023681640625
35_r_t,G0_seed3407,refer,detected,non_vessel,1555.0,108.0,23.369369506835938,27.603668212890625,23.369369506835938
35_r_t,G0_seed3407,refer,detected,endpoint,1333.0,121.0,4.2342987060546875,8.054306030273438,4.2342987060546875
35_r_t,G0_seed3407,refer,detected,non_vessel,1967.0,132.0,207.5156707763672,218.42738342285156,207.5156707763672
35_r_t,G0_seed3407,refer,detected,junction,1231.0,137.0,0.9550018310546875,0.9550018310546875,9.711471557617188
35_r_t,G0_seed3407,refer,detected,junction,1447.0,139.0,3.6935882568359375,3.6935882568359375,4.648590087890625
35_r_t,G0_seed3407,refer,detected,non_vessel,891.0,141.0,26.901504516601562,29.225799560546875,26.901504516601562
35_r_t,G0_seed3407,refer,detected,non_vessel,1755.0,153.0,91.24456787109375,92.61386108398438,91.24456787109375
35_r_t,G0_seed3407,refer,detected,non_vessel,958.0,157.0,15.3150634765625,16.684356689453125,15.3150634765625
35_r_t,G0_seed3407,refer,detected,junction,1569.0,162.0,1.369293212890625,1.369293212890625,7.927886962890625
35_r_t,G0_seed3407,refer,detected,vessel_segment,1150.0,168.0,7.8014678955078125,17.063613891601562,15.3150634765625
35_r_t,G0_seed3407,refer,detected,non_vessel,1913.0,173.0,145.98886108398438,156.90057373046875,145.98886108398438
35_r_t,G0_seed3407,refer,detected,junction,833.0,175.0,2.3242950439453125,2.3242950439453125,2.3242950439453125
35_r_t,G0_seed3407,refer,detected,non_vessel,1211.0,175.0,20.377944946289062,23.657241821289062,20.377944946289062
35_r_t,G0_seed3407,refer,detected,junction,1431.0,182.0,2.8650054931640625,4.107879638671875,2.8650054931640625
35_r_t,G0_seed3407,refer,detected,junction,1522.0,182.0,0.0,0.0,4.107879638671875
35_r_t,G0_seed3407,refer,detected,non_vessel,2018.0,184.0,178.98443603515625,207.0724639892578,178.98443603515625
35_r_t,G0_seed3407,refer,detected,junction,1063.0,186.0,4.7750091552734375,4.7750091552734375,10.540054321289062
35_r_t,G0_seed3407,refer,detected,non_vessel,1744.0,186.0,55.17230224609375,56.541595458984375,55.17230224609375
35_r_t,G0_seed3407,refer,detected,junction,914.0,189.0,0.0,0.0,2.3242950439453125
35_r_t,G0_seed3407,refer,detected,junction,1012.0,198.0,1.910003662109375,1.910003662109375,9.170761108398438
35_r_t,G0_seed3407,refer,detected,non_vessel,1377.0,202.0,52.398681640625,54.18226623535156,53.803009033203125
35_r_t,G0_seed3407,refer,detected,non_vessel,705.0,207.0,65.43820190429688,66.26678466796875,65.43820190429688
35_r_t,G0_seed3407,refer,detected,junction,830.0,207.0,2.8650054931640625,4.107879638671875,11.621475219726562
35_r_t,G0_seed3407,refer,detected,non_vessel,1738.0,218.0,22.126495361328125,23.49578857421875,22.126495361328125
35_r_t,G0_seed3407,refer,detected,non_vessel,941.0,222.0,23.277984619140625,24.232986450195312,24.773696899414062
35_r_t,G0_seed3407,refer,detected,non_vessel,1910.0,222.0,98.77947998046875,108.86260986328125,98.77947998046875
35_r_t,G0_seed3407,refer,detected,endpoint,1113.0,231.0,5.189300537109375,9.585052490234375,5.189300537109375
35_r_t,G0_seed3407,refer,detected,junction,769.0,234.0,2.73858642578125,3.279296875,3.82000732421875
35_r_t,G0_seed3407,refer,detected,junction,1272.0,234.0,2.73858642578125,4.2342987060546875,2.8650054931640625
35_r_t,G0_seed3407,refer,detected,non_vessel,1427.0,234.0,40.93865966796875,48.325836181640625,40.93865966796875
35_r_t,G0_seed3407,refer,detected,non_vessel,1508.0,245.0,23.081497192382812,24.450790405273438,23.081497192382812
35_r_t,G0_seed3407,refer,detected,junction,850.0,249.0,5.4771728515625,5.4771728515625,20.918655395507812
35_r_t,G0_seed3407,refer,detected,non_vessel,1609.0,249.0,21.838623046875,28.017959594726562,21.838623046875
35_r_t,G0_seed3407,refer,detected,endpoint,1174.0,251.0,3.82000732421875,8.468597412109375,3.82000732421875
35_r_t,G0_seed3407,refer,detected,endpoint,1339.0,267.0,4.648590087890625,8.468597412109375,5.730010986328125
35_r_t,G0_seed3407,refer,detected,junction,1228.0,270.0,1.369293212890625,1.910003662109375,5.189300537109375
35_r_t,G0_seed3407,refer,detected,endpoint,988.0,274.0,3.6935882568359375,11.49505615234375,3.6935882568359375
35_r_t,G0_seed3407,refer,detected,non_vessel,1920.0,274.0,52.4337158203125,76.19606018066406,52.4337158203125
35_r_t,G0_seed3407,refer,detected,non_vessel,1998.0,279.0,102.14256286621094,148.61474609375,102.14256286621094
35_r_t,G0_seed3407,refer,detected,junction,698.0,288.0,2.8650054931640625,6.4321746826171875,6.1443023681640625
35_r_t,G0_seed3407,refer,detected,junction,1508.0,290.0,0.9550018310546875,0.9550018310546875,3.6935882568359375
35_r_t,G0_seed3407,refer,detected,junction,1150.0,297.0,5.0628814697265625,5.0628814697265625,5.0628814697265625
35_r_t,G0_seed3407,refer,detected,junction,644.0,303.0,5.189300537109375,7.6400146484375,6.6850128173828125
35_r_t,G0_seed3407,refer,detected,junction,796.0,306.0,0.0,0.0,2.73858642578125
35_r_t,G0_seed3407,refer,detected,endpoint,1414.0,308.0,5.730010986328125,8.468597412109375,5.730010986328125
35_r_t,G0_seed3407,refer,detected,non_vessel,1724.0,312.0,11.46002197265625,11.747894287109375,11.46002197265625
35_r_t,G0_seed3407,refer,detected,junction,864.0,317.0,3.279296875,7.8014678955078125,3.279296875
35_r_t,G0_seed3407,refer,detected,junction,1350.0,317.0,3.279296875,7.5135955810546875,3.279296875
35_r_t,G0_seed3407,refer,detected,non_vessel,583.0,328.0,10.954345703125,12.323638916015625,18.01861572265625
35_r_t,G0_seed3407,refer,detected,non_vessel,1292.0,333.0,9.009307861328125,9.964309692382812,13.370025634765625
35_r_t,G0_seed3407,refer,detected,non_vessel,1798.0,335.0,45.46083068847656,48.19941711425781,45.46083068847656
35_r_t,G0_seed3407,refer,detected,junction,462.0,337.0,3.6935882568359375,4.648590087890625,7.927886962890625
35_r_t,G0_seed3407,refer,detected,non_vessel,1930.0,339.0,22.702239990234375,64.28671264648438,22.828659057617188
35_r_t,G0_seed3407,refer,detected,non_vessel,681.0,342.0,39.604400634765625,40.97369384765625,39.604400634765625
35_r_t,G0_seed3407,refer,detected,junction,1562.0,342.0,0.9550018310546875,2.3242950439453125,2.3242950439453125
35_r_t,G0_seed3407,refer,detected,junction,513.0,344.0,0.9550018310546875,0.9550018310546875,3.82000732421875
35_r_t,G0_seed3407,refer,detected,junction,1670.0,344.0,0.9550018310546875,0.9550018310546875,10.252182006835938
35_r_t,G0_seed3407,refer,detected,non_vessel,2048.0,344.0,137.4639129638672,146.662109375,137.59033203125
35_r_t,G0_seed3407,refer,detected,junction,1734.0,348.0,3.82000732421875,3.82000732421875,16.108612060546875
35_r_t,G0_seed3407,refer,detected,endpoint,1616.0,351.0,7.387176513671875,10.505020141601562,7.387176513671875
35_r_t,G0_seed3407,refer,detected,junction,1049.0,355.0,4.107879638671875,4.107879638671875,5.189300537109375
35_r_t,G0_seed3407,refer,detected,endpoint,1410.0,355.0,6.846466064453125,8.882888793945312,6.846466064453125
35_r_t,G0_seed3407,refer,detected,junction,897.0,357.0,3.6935882568359375,3.6935882568359375,5.0628814697265625
35_r_t,G0_seed3407,refer,detected,junction,769.0,362.0,0.9550018310546875,3.82000732421875,4.648590087890625
35_r_t,G0_seed3407,refer,detected,non_vessel,850.0,364.0,44.8988037109375,45.43951416015625,44.8988037109375
35_r_t,G0_seed3407,refer,detected,non_vessel,1522.0,373.0,21.90869140625,22.863693237304688,23.116531372070312
35_r_t,G0_seed3407,refer,detected,junction,560.0,375.0,1.910003662109375,1.910003662109375,2.8650054931640625
35_r_t,G0_seed3407,refer,detected,non_vessel,2136.0,382.0,109.193115234375,113.39237976074219,109.193115234375
35_r_t,G0_seed3407,refer,detected,junction,1356.0,396.0,0.9550018310546875,1.910003662109375,5.189300537109375
35_r_t,G0_seed3407,refer,detected,endpoint,661.0,398.0,3.6935882568359375,10.37860107421875,6.01788330078125
35_r_t,G0_seed3407,refer,detected,junction,1015.0,402.0,3.82000732421875,3.82000732421875,8.054306030273438
35_r_t,G0_seed3407,refer,detected,junction,1130.0,402.0,0.0,1.369293212890625,0.0
35_r_t,G0_seed3407,refer,detected,non_vessel,756.0,409.0,11.49505615234375,12.57647705078125,11.49505615234375
35_r_t,G0_seed3407,refer,detected,junction,1623.0,409.0,0.9550018310546875,0.9550018310546875,3.82000732421875
35_r_t,G0_seed3407,refer,detected,junction,1316.0,411.0,2.73858642578125,3.6935882568359375,2.8650054931640625
35_r_t,G0_seed3407,refer,detected,non_vessel,887.0,416.0,21.010040283203125,22.37933349609375,21.29791259765625
35_r_t,G0_seed3407,refer,detected,non_vessel,1940.0,420.0,44.44947814941406,50.88165283203125,44.44947814941406
35_r_t,G0_seed3407,refer,detected,junction,577.0,423.0,2.73858642578125,2.73858642578125,8.595016479492188
35_r_t,G0_seed3407,refer,detected,junction,961.0,425.0,1.369293212890625,1.369293212890625,7.6400146484375
35_r_t,G0_seed3407,refer,detected,junction,1211.0,425.0,1.369293212890625,1.369293212890625,1.369293212890625
35_r_t,G0_seed3407,refer,detected,junction,1407.0,425.0,1.910003662109375,2.3242950439453125,6.1443023681640625
35_r_t,G0_seed3407,refer,detected,non_vessel,1083.0,427.0,14.612899780273438,16.522903442382812,14.612899780273438
35_r_t,G0_seed3407,refer,detected,junction,1515.0,427.0,0.0,0.0,5.189300537109375
35_r_t,G0_seed3407,refer,detected,non_vessel,2045.0,427.0,86.378173828125,88.17547607421875,86.378173828125
35_r_t,G0_seed3407,refer,detected,junction,486.0,449.0,3.6935882568359375,7.927886962890625,3.6935882568359375
35_r_t,G0_seed3407,refer,detected,junction,772.0,449.0,0.9550018310546875,4.107879638671875,3.6935882568359375
35_r_t,G0_seed3407,refer,detected,non_vessel,2109.0,449.0,56.39385986328125,60.59312438964844,56.39385986328125
35_r_t,G0_seed3407,refer,detected,non_vessel,1876.0,456.0,22.9200439453125,33.71293640136719,22.9200439453125
35_r_t,G0_seed3407,refer,detected,junction,1552.0,459.0,1.369293212890625,1.369293212890625,2.3242950439453125
35_r_t,G0_seed3407,refer,detected,junction,847.0,461.0,1.369293212890625,2.73858642578125,3.279296875
35_r_t,G0_seed3407,refer,detected,non_vessel,2190.0,461.0,54.86311340332031,63.4931640625,54.86311340332031
35_r_t,G0_seed3407,refer,detected,junction,1211.0,463.0,2.8650054931640625,3.6935882568359375,4.2342987060546875
35_r_t,G0_seed3407,refer,detected,non_vessel,1319.0,463.0,19.549362182617188,23.783660888671875,19.549362182617188
35_r_t,G0_seed3407,refer,detected,junction,718.0,468.0,1.369293212890625,2.73858642578125,1.369293212890625
35_r_t,G0_seed3407,refer,detected,non_vessel,1744.0,472.0,14.77435302734375,16.143646240234375,14.77435302734375
35_r_t,G0_seed3407,refer,detected,junction,1663.0,474.0,0.0,2.3242950439453125,15.567901611328125
35_r_t,G0_seed3407,refer,detected,non_vessel,941.0,476.0,34.9908447265625,43.36805725097656,34.9908447265625
35_r_t,G0_seed3407,refer,detected,non_vessel,2014.0,479.0,35.53155517578125,36.900848388671875,35.53155517578125
35_r_t,G0_seed3407,refer,detected,junction,1414.0,483.0,1.369293212890625,5.0628814697265625,1.369293212890625
35_r_t,G0_seed3407,refer,detected,junction,783.0,488.0,1.369293212890625,2.3242950439453125,6.846466064453125
35_r_t,G0_seed3407,refer,detected,non_vessel,1944.0,492.0,18.145034790039062,18.145034790039062,18.847198486328125
35_r_t,G0_seed3407,refer,detected,junction,1120.0,495.0,2.8650054931640625,3.6935882568359375,4.648590087890625
35_r_t,G0_seed3407,refer,detected,non_vessel,556.0,497.0,54.82807922363281,57.152374267578125,56.611663818359375
35_r_t,G0_seed3407,refer,detected,junction,1191.0,497.0,1.369293212890625,1.369293212890625,10.540054321289062
35_r_t,G0_seed3407,refer,detected,junction,1242.0,501.0,0.9550018310546875,1.910003662109375,0.9550018310546875
35_r_t,G0_seed3407,refer,detected,junction,702.0,503.0,0.0,1.369293212890625,0.0
35_r_t,G0_seed3407,refer,detected,non_vessel,2025.0,510.0,23.53082275390625,25.026535034179688,23.53082275390625
35_r_t,G0_seed3407,refer,detected,junction,864.0,513.0,6.9728851318359375,7.8014678955078125,6.9728851318359375
35_r_t,G0_seed3407,refer,detected,junction,1474.0,513.0,1.369293212890625,1.910003662109375,1.369293212890625
35_r_t,G0_seed3407,refer,detected,junction,2126.0,517.0,0.9550018310546875,0.9550018310546875,15.602935791015625
35_r_t,G0_seed3407,refer,detected,junction,1326.0,519.0,4.648590087890625,6.01788330078125,4.648590087890625
35_r_t,G0_seed3407,refer,detected,junction,1373.0,528.0,0.9550018310546875,2.8650054931640625,8.882888793945312
35_r_t,G0_seed3407,refer,detected,junction,1545.0,528.0,2.73858642578125,5.189300537109375,3.6935882568359375
35_r_t,G0_seed3407,refer,detected,non_vessel,367.0,531.0,64.75735473632812,65.17164611816406,80.07241821289062
35_r_t,G0_seed3407,refer,detected,junction,816.0,533.0,0.0,1.369293212890625,4.2342987060546875
35_r_t,G0_seed3407,refer,detected,non_vessel,1775.0,533.0,11.080764770507812,12.450057983398438,13.69293212890625
35_r_t,G0_seed3407,refer,detected,junction,1863.0,533.0,1.369293212890625,4.2342987060546875,3.6935882568359375
35_r_t,G0_seed3407,refer,detected,non_vessel,509.0,540.0,15.982192993164062,16.108612060546875,15.982192993164062
35_r_t,G0_seed3407,refer,detected,junction,1073.0,542.0,0.9550018310546875,4.2342987060546875,0.9550018310546875
35_r_t,G0_seed3407,refer,detected,junction,1012.0,546.0,3.82000732421875,5.0628814697265625,3.82000732421875
35_r_t,G0_seed3407,refer,detected,junction,1420.0,546.0,4.107879638671875,6.55859375,6.55859375
35_r_t,G0_seed3407,refer,detected,non_vessel,1927.0,546.0,12.57647705078125,13.531478881835938,14.612899780273438
35_r_t,G0_seed3407,refer,detected,non_vessel,1707.0,549.0,16.557937622070312,17.927230834960938,16.557937622070312
35_r_t,G0_seed3407,refer,detected,junction,702.0,553.0,3.6935882568359375,5.0628814697265625,3.6935882568359375
35_r_t,G0_seed3407,refer,detected,junction,2021.0,553.0,1.910003662109375,1.910003662109375,6.55859375
35_r_t,G0_seed3407,refer,detected,junction,1265.0,555.0,2.8650054931640625,2.8650054931640625,5.730010986328125
35_r_t,G0_seed3407,refer,detected,junction,2095.0,560.0,0.0,0.9550018310546875,3.6935882568359375
35_r_t,G0_seed3407,refer,detected,junction,1643.0,564.0,1.369293212890625,1.369293212890625,3.279296875
35_r_t,G0_seed3407,refer,detected,junction,600.0,569.0,2.8650054931640625,4.2342987060546875,3.6935882568359375
35_r_t,G0_seed3407,refer,detected,endpoint,465.0,571.0,5.0628814697265625,11.080764770507812,5.0628814697265625
35_r_t,G0_seed3407,refer,detected,junction,1599.0,571.0,0.0,2.73858642578125,7.927886962890625
35_r_t,G0_seed3407,refer,detected,non_vessel,1788.0,571.0,33.42506408691406,34.25364685058594,34.25364685058594
35_r_t,G0_seed3407,refer,detected,junction,1188.0,578.0,1.910003662109375,2.73858642578125,7.927886962890625
35_r_t,G0_seed3407,refer,detected,junction,1495.0,580.0,0.9550018310546875,0.9550018310546875,0.9550018310546875
35_r_t,G0_seed3407,refer,detected,non_vessel,1100.0,585.0,9.550018310546875,12.702896118164062,9.550018310546875
35_r_t,G0_seed3407,refer,detected,junction,924.0,587.0,1.369293212890625,3.279296875,1.910003662109375
35_r_t,G0_seed3407,refer,detected,junction,999.0,587.0,1.369293212890625,1.369293212890625,6.1443023681640625
35_r_t,G0_seed3407,refer,detected,non_vessel,688.0,596.0,25.532211303710938,26.072921752929688,25.532211303710938
35_r_t,G0_seed3407,refer,detected,junction,1238.0,600.0,1.369293212890625,1.369293212890625,11.874313354492188
35_r_t,G0_seed3407,refer,detected,non_vessel,1363.0,600.0,16.143646240234375,19.422943115234375,16.4315185546875
35_r_t,G0_seed3407,refer,detected,junction,1923.0,600.0,0.9550018310546875,0.9550018310546875,3.82000732421875
35_r_t,G0_seed3407,refer,detected,endpoint,1431.0,603.0,7.387176513671875,8.7564697265625,7.387176513671875
35_r_t,G0_seed3407,refer,detected,junction,1674.0,603.0,1.369293212890625,1.369293212890625,4.2342987060546875
35_r_t,G0_seed3407,refer,detected,junction,516.0,605.0,0.0,1.369293212890625,6.4321746826171875
35_r_t,G0_seed3407,refer,detected,non_vessel,1576.0,609.0,16.108612060546875,16.649322509765625,16.108612060546875
35_r_t,G0_seed3407,refer,detected,junction,786.0,612.0,0.9550018310546875,0.9550018310546875,3.82000732421875
35_r_t,G0_seed3407,refer,detected,junction,1137.0,614.0,0.9550018310546875,4.107879638671875,6.55859375
35_r_t,G0_seed3407,refer,detected,non_vessel,388.0,616.0,21.585784912109375,24.324371337890625,21.585784912109375
35_r_t,G0_seed3407,refer,detected,non_vessel,1805.0,625.0,14.325027465820312,15.694320678710938,14.325027465820312
35_r_t,G0_seed3407,refer,detected,junction,1741.0,630.0,0.9550018310546875,3.6935882568359375,2.3242950439453125
35_r_t,G0_seed3407,refer,detected,non_vessel,2143.0,630.0,42.82734680175781,45.151641845703125,45.02522277832031
35_r_t,G0_seed3407,refer,detected,junction,1927.0,636.0,2.3242950439453125,4.7750091552734375,3.279296875
35_r_t,G0_seed3407,refer,detected,non_vessel,472.0,639.0,23.657241821289062,24.61224365234375,31.999420166015625
35_r_t,G0_seed3407,refer,detected,junction,688.0,639.0,1.910003662109375,2.73858642578125,1.910003662109375
35_r_t,G0_seed3407,refer,detected,junction,1319.0,652.0,2.3242950439453125,2.73858642578125,4.2342987060546875
35_r_t,G0_seed3407,refer,detected,junction,1643.0,652.0,0.9550018310546875,0.9550018310546875,4.2342987060546875
35_r_t,G0_seed3407,refer,detected,junction,2038.0,652.0,1.369293212890625,3.279296875,8.054306030273438
35_r_t,G0_seed3407,refer,detected,junction,945.0,654.0,1.910003662109375,5.189300537109375,4.648590087890625
35_r_t,G0_seed3407,refer,detected,non_vessel,1812.0,654.0,11.207183837890625,14.900772094726562,11.909347534179688
35_r_t,G0_seed3407,refer,detected,junction,398.0,657.0,4.648590087890625,4.648590087890625,6.9728851318359375
35_r_t,G0_seed3407,refer,detected,junction,1026.0,668.0,2.3242950439453125,2.3242950439453125,6.6850128173828125
35_r_t,G0_seed3407,refer,detected,non_vessel,1501.0,672.0,31.20587158203125,31.20587158203125,31.620162963867188
35_r_t,G0_seed3407,refer,detected,junction,1920.0,675.0,2.8650054931640625,2.8650054931640625,7.927886962890625
35_r_t,G0_seed3407,refer,detected,junction,610.0,681.0,5.0628814697265625,6.01788330078125,7.927886962890625
35_r_t,G0_seed3407,refer,detected,junction,1242.0,684.0,0.9550018310546875,0.9550018310546875,16.93719482421875
35_r_t,G0_seed3407,refer,detected,junction,1758.0,684.0,2.3242950439453125,2.3242950439453125,5.189300537109375
35_r_t,G0_seed3407,refer,detected,junction,799.0,686.0,4.648590087890625,6.01788330078125,4.648590087890625
35_r_t,G0_seed3407,refer,detected,non_vessel,1080.0,686.0,18.341522216796875,19.17010498046875,18.341522216796875
35_r_t,G0_seed3407,refer,detected,non_vessel,435.0,690.0,8.342178344726562,18.306488037109375,8.342178344726562
35_r_t,G0_seed3407,refer,detected,non_vessel,2062.0,690.0,27.695053100585938,29.064346313476562,27.695053100585938
35_r_t,G0_seed3407,refer,detected,junction,1161.0,693.0,3.279296875,3.279296875,4.648590087890625
35_r_t,G0_seed3407,refer,detected,junction,712.0,695.0,2.73858642578125,2.73858642578125,8.21575927734375
35_r_t,G0_seed3407,refer,detected,junction,1684.0,695.0,1.369293212890625,1.369293212890625,3.82000732421875
35_r_t,G0_seed3407,refer,detected,junction,1390.0,697.0,0.9550018310546875,0.9550018310546875,2.8650054931640625
35_r_t,G0_seed3407,refer,detected,junction,901.0,713.0,1.369293212890625,7.387176513671875,1.910003662109375
35_r_t,G0_seed3407,refer,detected,junction,799.0,720.0,3.82000732421875,3.82000732421875,5.6035919189453125
35_r_t,G0_seed3407,refer,detected,junction,985.0,720.0,4.648590087890625,4.7750091552734375,4.648590087890625
35_r_t,G0_seed3407,refer,detected,non_vessel,1566.0,720.0,20.25152587890625,20.665817260742188,22.44940185546875
35_r_t,G0_seed3407,refer,detected,junction,1289.0,729.0,3.6935882568359375,3.6935882568359375,6.55859375
35_r_t,G0_seed3407,refer,detected,junction,1464.0,731.0,0.9550018310546875,0.9550018310546875,16.522903442382812
35_r_t,G0_seed3407,refer,detected,junction,1363.0,733.0,1.369293212890625,1.369293212890625,11.874313354492188
35_r_t,G0_seed3407,refer,detected,non_vessel,553.0,735.0,14.647933959960938,20.125106811523438,14.647933959960938
35_r_t,G0_seed3407,refer,detected,non_vessel,1714.0,740.0,10.666473388671875,12.0357666015625,10.666473388671875
35_r_t,G0_seed3407,refer,detected,non_vessel,442.0,742.0,42.82734680175781,42.82734680175781,43.40309143066406
35_r_t,G0_seed3407,refer,detected,junction,1100.0,747.0,1.369293212890625,3.82000732421875,14.647933959960938
35_r_t,G0_seed3407,refer,detected,junction,1215.0,747.0,2.3242950439453125,3.279296875,2.3242950439453125
35_r_t,G0_seed3407,refer,detected,junction,1532.0,749.0,1.910003662109375,2.3242950439453125,3.6935882568359375
35_r_t,G0_seed3407,refer,detected,junction,1778.0,751.0,2.73858642578125,4.648590087890625,4.7750091552734375
35_r_t,G0_seed3407,refer,detected,junction,945.0,756.0,0.9550018310546875,2.3242950439453125,5.6035919189453125
35_r_t,G0_seed3407,refer,detected,junction,1616.0,756.0,0.9550018310546875,0.9550018310546875,0.9550018310546875
35_r_t,G0_seed3407,refer,detected,junction,2149.0,756.0,2.3242950439453125,2.8650054931640625,18.341522216796875
35_r_t,G0_seed3407,refer,detected,non_vessel,1974.0,758.0,11.874313354492188,14.1986083984375,11.874313354492188
35_r_t,G0_seed3407,refer,detected,junction,691.0,762.0,5.189300537109375,6.1443023681640625,8.054306030273438
35_r_t,G0_seed3407,refer,detected,non_vessel,1839.0,762.0,50.90296936035156,51.3172607421875,50.90296936035156
35_r_t,G0_seed3407,refer,detected,junction,870.0,767.0,0.9550018310546875,2.3242950439453125,0.9550018310546875
35_r_t,G0_seed3407,refer,detected,non_vessel,1333.0,769.0,25.532211303710938,28.017959594726562,26.1993408203125
35_r_t,G0_seed3407,refer,detected,junction,1069.0,778.0,2.73858642578125,4.7750091552734375,2.73858642578125
35_r_t,G0_seed3407,refer,detected,junction,1893.0,778.0,2.73858642578125,2.73858642578125,2.8650054931640625
35_r_t,G0_seed3407,refer,detected,non_vessel,1798.0,780.0,17.800811767578125,32.540130615234375,17.800811767578125
35_r_t,G0_seed3407,refer,detected,non_vessel,486.0,787.0,14.1986083984375,14.325027465820312,14.1986083984375
35_r_t,G0_seed3407,refer,detected,junction,1657.0,787.0,2.3242950439453125,2.3242950439453125,6.55859375
35_r_t,G0_seed3407,refer,detected,junction,1157.0,792.0,3.6935882568359375,3.6935882568359375,5.730010986328125
35_r_t,G0_seed3407,refer,detected,junction,1566.0,792.0,0.9550018310546875,0.9550018310546875,11.874313354492188
35_r_t,G0_seed3407,refer,detected,junction,1397.0,798.0,0.9550018310546875,0.9550018310546875,0.9550018310546875
35_r_t,G0_seed3407,refer,detected,vessel_segment,833.0,803.0,7.5135955810546875,8.882888793945312,10.792892456054688
35_r_t,G0_seed3407,refer,detected,junction,1478.0,803.0,1.910003662109375,1.910003662109375,23.334335327148438
35_r_t,G0_seed3407,refer,detected,junction,2085.0,803.0,0.0,3.279296875,0.0
35_r_t,G0_seed3407,refer,detected,non_vessel,425.0,805.0,36.70436096191406,37.24507141113281,36.70436096191406
35_r_t,G0_seed3407,refer,detected,non_vessel,310.0,807.0,126.35423278808594,128.1378173828125,126.35423278808594
35_r_t,G0_seed3407,refer,detected,junction,1717.0,810.0,0.0,0.0,10.9193115234375
35_r_t,G0_seed3407,refer,detected,non_vessel,1626.0,814.0,15.982192993164062,16.396484375,22.828659057617188
35_r_t,G0_seed3407,refer,detected,non_vessel,1876.0,819.0,10.540054321289062,13.531478881835938,10.540054321289062
35_r_t,G0_seed3407,refer,detected,junction,2176.0,819.0,0.9550018310546875,2.3242950439453125,1.369293212890625
35_r_t,G0_seed3407,refer,detected,non_vessel,762.0,821.0,40.685821533203125,42.72224426269531,41.89366149902344
35_r_t,G0_seed3407,refer,detected,junction,1215.0,821.0,2.3242950439453125,4.7750091552734375,2.3242950439453125
35_r_t,G0_seed3407,refer,detected,junction,1130.0,825.0,2.73858642578125,2.73858642578125,3.279296875
35_r_t,G0_seed3407,refer,detected,junction,1282.0,825.0,4.648590087890625,5.189300537109375,9.550018310546875
35_r_t,G0_seed3407,refer,detected,endpoint,651.0,830.0,1.910003662109375,10.505020141601562,1.910003662109375
35_r_t,G0_seed3407,refer,detected,non_vessel,826.0,832.0,9.423599243164062,9.837890625,9.550018310546875
35_r_t,G0_seed3407,refer,detected,junction,1029.0,839.0,3.82000732421875,3.82000732421875,13.784317016601562
35_r_t,G0_seed3407,refer,detected,non_vessel,378.0,848.0,91.7852783203125,91.91169738769531,91.7852783203125
35_r_t,G0_seed3407,refer,detected,junction,1515.0,850.0,1.910003662109375,1.910003662109375,9.170761108398438
35_r_t,G0_seed3407,refer,detected,junction,1910.0,850.0,2.73858642578125,2.8650054931640625,14.072189331054688
35_r_t,G0_seed3407,refer,detected,non_vessel,1424.0,852.0,11.207183837890625,12.57647705078125,24.773696899414062
35_r_t,G0_seed3407,refer,detected,junction,469.0,861.0,2.3242950439453125,4.107879638671875,10.505020141601562
35_r_t,G0_seed3407,refer,detected,non_vessel,1734.0,864.0,47.08296203613281,52.56013488769531,51.19084167480469
35_r_t,G0_seed3407,refer,detected,non_vessel,1971.0,870.0,12.57647705078125,13.531478881835938,35.819427490234375
35_r_t,G0_seed3407,refer,detected,junction,1228.0,872.0,0.0,0.0,1.910003662109375
35_r_t,G0_seed3407,refer,detected,junction,1343.0,884.0,0.0,0.0,6.9728851318359375
35_r_t,G0_seed3407,refer,detected,non_vessel,749.0,886.0,71.28091430664062,72.65020751953125,82.70590209960938
35_r_t,G0_seed3407,refer,detected,junction,2136.0,886.0,0.9550018310546875,3.6935882568359375,8.054306030273438
35_r_t,G0_seed3407,refer,detected,non_vessel,381.0,888.0,76.97589111328125,78.31015014648438,88.470947265625
35_r_t,G0_seed3407,refer,detected,junction,2079.0,888.0,0.0,0.0,3.6935882568359375
35_r_t,G0_seed3407,refer,detected,junction,1434.0,891.0,2.3242950439453125,2.3242950439453125,5.0628814697265625
35_r_t,G0_seed3407,refer,detected,non_vessel,1768.0,893.0,88.86392211914062,94.34109497070312,92.9718017578125
35_r_t,G0_seed3407,refer,detected,junction,654.0,897.0,0.0,3.6935882568359375,0.0
35_r_t,G0_seed3407,refer,detected,junction,563.0,902.0,1.369293212890625,1.910003662109375,1.910003662109375
35_r_t,G0_seed3407,refer,detected,non_vessel,1836.0,911.0,66.47087097167969,67.7137451171875,66.47087097167969
35_r_t,G0_seed3407,refer,detected,endpoint,1900.0,911.0,6.9728851318359375,9.837890625,6.9728851318359375
35_r_t,G0_seed3407,refer,detected,non_vessel,462.0,913.0,8.595016479492188,9.550018310546875,38.77581787109375
35_r_t,G0_seed3407,refer,detected,non_vessel,1981.0,920.0,36.970916748046875,51.134490966796875,38.14372253417969
35_r_t,G0_seed3407,refer,detected,non_vessel,1593.0,931.0,42.28663635253906,45.43951416015625,42.28663635253906
35_r_t,G0_seed3407,refer,detected,junction,543.0,936.0,0.0,0.0,5.730010986328125
35_r_t,G0_seed3407,refer,detected,non_vessel,1437.0,936.0,20.918655395507812,21.171493530273438,20.918655395507812
35_r_t,G0_seed3407,refer,detected,non_vessel,1782.0,940.0,85.85118103027344,85.85118103027344,86.93260192871094
35_r_t,G0_seed3407,refer,detected,non_vessel,1903.0,940.0,20.090072631835938,21.459365844726562,20.090072631835938
35_r_t,G0_seed3407,refer,detected,junction,1150.0,942.0,1.910003662109375,2.3242950439453125,6.9728851318359375
35_r_t,G0_seed3407,refer,detected,junction,1353.0,945.0,0.9550018310546875,4.648590087890625,0.9550018310546875
35_r_t,G0_seed3407,refer,detected,non_vessel,415.0,947.0,42.342987060546875,45.20799255371094,42.5958251953125
35_r_t,G0_seed3407,refer,detected,junction,2109.0,949.0,0.9550018310546875,4.7750091552734375,1.910003662109375
35_r_t,G0_seed3407,refer,detected,non_vessel,955.0,953.0,116.92451477050781,117.46522521972656,116.92451477050781
35_r_t,G0_seed3407,refer,detected,endpoint,1964.0,953.0,1.369293212890625,39.19010925292969,2.3242950439453125
35_r_t,G0_seed3407,refer,detected,junction,786.0,965.0,1.369293212890625,1.369293212890625,5.4771728515625
35_r_t,G0_seed3407,refer,detected,junction,1630.0,965.0,1.910003662109375,5.6035919189453125,1.910003662109375
35_r_t,G0_seed3407,refer,detected,junction,1228.0,974.0,1.369293212890625,1.369293212890625,10.9193115234375
35_r_t,G0_seed3407,refer,detected,junction,1275.0,980.0,0.9550018310546875,2.3242950439453125,0.9550018310546875
35_r_t,G0_seed3407,refer,detected,junction,2041.0,983.0,0.9550018310546875,0.9550018310546875,7.09930419921875
35_r_t,G0_seed3407,refer,detected,junction,526.0,990.0,0.9550018310546875,3.6935882568359375,6.55859375
35_r_t,G0_seed3407,refer,detected,non_vessel,2156.0,990.0,55.31243896484375,55.72673034667969,55.8531494140625
35_r_t,G0_seed3407,refer,detected,non_vessel,398.0,994.0,69.76388549804688,72.214599609375,72.46743774414062
35_r_t,G0_seed3407,refer,detected,non_vessel,1100.0,996.0,53.908111572265625,68.01533508300781,53.908111572265625
35_r_t,G0_seed3407,refer,detected,junction,1420.0,1005.0,1.369293212890625,1.369293212890625,9.009307861328125
35_r_t,G0_seed3407,refer,detected,non_vessel,1859.0,1005.0,60.81092834472656,63.135223388671875,82.41043090820312
35_r_t,G0_seed3407,refer,detected,junction,1731.0,1007.0,1.910003662109375,1.910003662109375,3.279296875
35_r_t,G0_seed3407,refer,detected,junction,526.0,1023.0,0.0,0.0,29.134414672851562
35_r_t,G0_seed3407,refer,detected,non_vessel,752.0,1028.0,33.49513244628906,34.45013427734375,41.13514709472656
35_r_t,G0_seed3407,refer,detected,junction,1468.0,1028.0,1.910003662109375,1.910003662109375,4.2342987060546875
35_r_t,G0_seed3407,refer,detected,non_vessel,2166.0,1028.0,62.57319641113281,62.98748779296875,69.63746643066406
35_r_t,G0_seed3407,refer,detected,junction,820.0,1030.0,2.8650054931640625,4.7750091552734375,2.8650054931640625
35_r_t,G0_seed3407,refer,detected,non_vessel,384.0,1041.0,99.89593505859375,109.38200378417969,106.93128967285156
35_r_t,G0_seed3407,refer,detected,junction,1302.0,1044.0,2.3242950439453125,3.279296875,3.6935882568359375
35_r_t,G0_seed3407,refer,detected,non_vessel,681.0,1048.0,63.26164245605469,63.675933837890625,63.80235290527344
35_r_t,G0_seed3407,refer,detected,junction,529.0,1055.0,1.910003662109375,1.910003662109375,18.145034790039062
35_r_t,G0_seed3407,refer,detected,non_vessel,1836.0,1055.0,36.0372314453125,38.36152648925781,36.0372314453125
35_r_t,G0_seed3407,refer,detected,junction,1059.0,1057.0,2.3242950439453125,3.6935882568359375,2.3242950439453125
35_r_t,G0_seed3407,refer,detected,junction,1410.0,1057.0,1.369293212890625,2.3242950439453125,13.531478881835938
35_r_t,G0_seed3407,refer,detected,junction,1711.0,1057.0,3.279296875,3.82000732421875,12.829315185546875
35_r_t,G0_seed3407,refer,detected,junction,1562.0,1059.0,0.0,0.0,17.639358520507812
35_r_t,G0_seed3407,refer,detected,junction,1154.0,1062.0,2.73858642578125,4.107879638671875,2.73858642578125
35_r_t,G0_seed3407,refer,detected,junction,1758.0,1062.0,1.910003662109375,1.910003662109375,5.0628814697265625
35_r_t,G0_seed3407,refer,detected,junction,816.0,1068.0,0.0,0.0,7.927886962890625
35_r_t,G0_seed3407,refer,detected,non_vessel,975.0,1073.0,17.927230834960938,19.837234497070312,17.927230834960938
35_r_t,G0_seed3407,refer,detected,non_vessel,1647.0,1073.0,21.620819091796875,22.9901123046875,55.31243896484375
35_r_t,G0_seed3407,refer,detected,junction,2122.0,1073.0,1.369293212890625,2.3242950439453125,13.945770263671875
35_r_t,G0_seed3407,refer,detected,junction,739.0,1075.0,0.9550018310546875,1.910003662109375,9.009307861328125
35_r_t,G0_seed3407,refer,detected,junction,486.0,1077.0,4.2342987060546875,5.6035919189453125,4.2342987060546875
35_r_t,G0_seed3407,refer,detected,junction,1883.0,1077.0,0.9550018310546875,0.9550018310546875,9.170761108398438
35_r_t,G0_seed3407,refer,detected,junction,604.0,1084.0,1.369293212890625,1.369293212890625,9.29718017578125
35_r_t,G0_seed3407,refer,detected,non_vessel,334.0,1086.0,152.29461669921875,152.8353271484375,152.29461669921875
35_r_t,G0_seed3407,refer,detected,junction,1461.0,1086.0,1.369293212890625,3.279296875,1.910003662109375
35_r_t,G0_seed3407,refer,detected,junction,1157.0,1091.0,0.9550018310546875,1.369293212890625,6.01788330078125
35_r_t,G0_seed3407,refer,detected,junction,1225.0,1091.0,3.6935882568359375,4.648590087890625,3.6935882568359375
35_r_t,G0_seed3407,refer,detected,non_vessel,1960.0,1091.0,35.60162353515625,38.052337646484375,36.68304443359375
35_r_t,G0_seed3407,refer,detected,junction,1063.0,1109.0,3.279296875,3.279296875,40.81224060058594
35_r_t,G0_seed3407,refer,detected,junction,543.0,1111.0,1.910003662109375,2.3242950439453125,5.730010986328125
35_r_t,G0_seed3407,refer,detected,junction,789.0,1111.0,0.0,0.0,9.29718017578125
35_r_t,G0_seed3407,refer,detected,non_vessel,1913.0,1113.0,28.46728515625,28.46728515625,29.962997436523438
35_r_t,G0_seed3407,refer,detected,junction,735.0,1118.0,1.910003662109375,1.910003662109375,14.233642578125
35_r_t,G0_seed3407,refer,detected,junction,1184.0,1120.0,2.73858642578125,2.73858642578125,7.387176513671875
35_r_t,G0_seed3407,refer,detected,junction,1599.0,1122.0,1.369293212890625,2.3242950439453125,8.468597412109375
35_r_t,G0_seed3407,refer,detected,junction,1984.0,1122.0,0.9550018310546875,0.9550018310546875,2.8650054931640625
35_r_t,G0_seed3407,refer,detected,junction,938.0,1125.0,0.9550018310546875,4.7750091552734375,1.910003662109375
35_r_t,G0_seed3407,refer,detected,non_vessel,351.0,1127.0,150.43336486816406,151.8026580810547,150.43336486816406
35_r_t,G0_seed3407,refer,detected,non_vessel,1809.0,1127.0,22.41436767578125,24.738662719726562,25.279373168945312
35_r_t,G0_seed3407,refer,detected,non_vessel,1650.0,1131.0,14.73931884765625,15.280029296875,14.73931884765625
35_r_t,G0_seed3407,refer,detected,junction,995.0,1134.0,2.3242950439453125,2.3242950439453125,6.1443023681640625
35_r_t,G0_seed3407,refer,detected,endpoint,1323.0,1140.0,7.6400146484375,35.49652099609375,7.927886962890625
35_r_t,G0_seed3407,refer,detected,junction,1505.0,1143.0,2.73858642578125,3.279296875,2.8650054931640625
35_r_t,G0_seed3407,refer,detected,non_vessel,2116.0,1143.0,58.128692626953125,58.128692626953125,58.61305236816406
35_r_t,G0_seed3407,refer,detected,junction,560.0,1149.0,0.0,0.0,3.6935882568359375
35_r_t,G0_seed3407,refer,detected,junction,725.0,1149.0,2.8650054931640625,2.8650054931640625,4.2342987060546875
35_r_t,G0_seed3407,refer,detected,junction,1110.0,1149.0,2.3242950439453125,2.8650054931640625,2.3242950439453125
35_r_t,G0_seed3407,refer,detected,junction,1866.0,1152.0,0.0,1.369293212890625,13.243606567382812
35_r_t,G0_seed3407,refer,detected,junction,853.0,1154.0,2.73858642578125,2.73858642578125,2.73858642578125
35_r_t,G0_seed3407,refer,detected,non_vessel,1964.0,1163.0,9.964309692382812,11.874313354492188,9.964309692382812
35_r_t,G0_seed3407,refer,detected,junction,1029.0,1170.0,5.0628814697265625,6.9728851318359375,12.288604736328125
35_r_t,G0_seed3407,refer,detected,endpoint,1704.0,1170.0,0.9550018310546875,8.468597412109375,0.9550018310546875
35_r_t,G0_seed3407,refer,detected,junction,486.0,1172.0,2.8650054931640625,4.2342987060546875,2.8650054931640625
35_r_t,G0_seed3407,refer,detected,junction,1400.0,1174.0,1.910003662109375,1.910003662109375,3.279296875
35_r_t,G0_seed3407,refer,detected,junction,813.0,1181.0,1.910003662109375,1.910003662109375,5.0628814697265625
35_r_t,G0_seed3407,refer,detected,junction,1579.0,1185.0,0.9550018310546875,1.910003662109375,3.279296875
35_r_t,G0_seed3407,refer,detected,junction,1856.0,1190.0,0.9550018310546875,0.9550018310546875,26.936538696289062
35_r_t,G0_seed3407,refer,detected,junction,597.0,1192.0,0.0,0.0,15.602935791015625
35_r_t,G0_seed3407,refer,detected,junction,1282.0,1194.0,2.73858642578125,4.107879638671875,3.279296875
35_r_t,G0_seed3407,refer,detected,junction,2079.0,1197.0,0.9550018310546875,1.369293212890625,11.46002197265625
35_r_t,G0_seed3407,refer,detected,junction,1458.0,1201.0,0.0,2.73858642578125,0.0
35_r_t,G0_seed3407,refer,detected,junction,907.0,1206.0,0.9550018310546875,0.9550018310546875,2.8650054931640625
35_r_t,G0_seed3407,refer,detected,junction,1042.0,1208.0,5.730010986328125,5.730010986328125,6.4321746826171875
35_r_t,G0_seed3407,refer,detected,junction,533.0,1215.0,1.369293212890625,1.369293212890625,14.325027465820312
35_r_t,G0_seed3407,refer,detected,non_vessel,2001.0,1217.0,23.748626708984375,25.532211303710938,25.820083618164062
35_r_t,G0_seed3407,refer,detected,junction,708.0,1219.0,3.82000732421875,3.82000732421875,13.65789794921875
35_r_t,G0_seed3407,refer,detected,junction,1353.0,1221.0,0.0,0.0,1.910003662109375
35_r_t,G0_seed3407,refer,detected,non_vessel,1738.0,1221.0,37.947235107421875,54.50517272949219,37.947235107421875
35_r_t,G0_seed3407,refer,detected,junction,1643.0,1224.0,2.3242950439453125,2.3242950439453125,2.3242950439453125
35_r_t,G0_seed3407,refer,detected,junction,968.0,1230.0,4.648590087890625,5.4771728515625,6.1443023681640625
35_r_t,G0_seed3407,refer,detected,junction,1846.0,1230.0,1.910003662109375,4.2342987060546875,16.649322509765625
35_r_t,G0_seed3407,refer,detected,endpoint,1795.0,1233.0,2.8650054931640625,10.125762939453125,3.279296875
35_r_t,G0_seed3407,refer,detected,junction,648.0,1242.0,0.9550018310546875,2.3242950439453125,0.9550018310546875
35_r_t,G0_seed3407,refer,detected,junction,1974.0,1248.0,4.107879638671875,4.107879638671875,5.0628814697265625
35_r_t,G0_seed3407,refer,detected,junction,911.0,1257.0,0.9550018310546875,2.3242950439453125,2.3242950439453125
35_r_t,G0_seed3407,refer,detected,junction,833.0,1260.0,2.3242950439453125,3.279296875,2.3242950439453125
35_r_t,G0_seed3407,refer,detected,endpoint,1204.0,1260.0,3.279296875,31.999420166015625,3.279296875
35_r_t,G0_seed3407,refer,detected,junction,1434.0,1260.0,0.9550018310546875,0.9550018310546875,3.279296875
35_r_t,G0_seed3407,refer,detected,non_vessel,394.0,1262.0,57.81950378417969,60.55809020996094,57.81950378417969
35_r_t,G0_seed3407,refer,detected,non_vessel,2048.0,1262.0,48.48728942871094,48.61370849609375,49.189453125
35_r_t,G0_seed3407,refer,detected,junction,1100.0,1266.0,0.0,0.0,2.73858642578125
35_r_t,G0_seed3407,refer,detected,junction,762.0,1271.0,2.73858642578125,2.73858642578125,14.1986083984375
35_r_t,G0_seed3407,refer,detected,junction,580.0,1273.0,1.369293212890625,6.6850128173828125,3.279296875
35_r_t,G0_seed3407,refer,detected,non_vessel,1039.0,1275.0,13.1171875,13.945770263671875,13.1171875
35_r_t,G0_seed3407,refer,detected,junction,1866.0,1275.0,0.0,0.0,8.468597412109375
35_r_t,G0_seed3407,refer,detected,junction,1370.0,1278.0,0.9550018310546875,2.3242950439453125,0.9550018310546875
35_r_t,G0_seed3407,refer,detected,junction,1545.0,1278.0,0.0,0.0,4.107879638671875
35_r_t,G0_seed3407,refer,detected,non_vessel,1684.0,1284.0,41.17018127441406,43.94380187988281,45.151641845703125
35_r_t,G0_seed3407,refer,detected,junction,445.0,1287.0,2.3242950439453125,2.3242950439453125,2.8650054931640625
35_r_t,G0_seed3407,refer,detected,non_vessel,2008.0,1293.0,14.647933959960938,16.017227172851562,14.647933959960938
35_r_t,G0_seed3407,refer,detected,junction,1606.0,1298.0,1.910003662109375,2.73858642578125,5.0628814697265625
35_r_t,G0_seed3407,refer,detected,junction,708.0,1305.0,0.9550018310546875,0.9550018310546875,8.054306030273438
35_r_t,G0_seed3407,refer,detected,junction,904.0,1305.0,3.279296875,4.2342987060546875,27.477249145507812
35_r_t,G0_seed3407,refer,detected,junction,1120.0,1305.0,2.73858642578125,2.73858642578125,3.279296875
35_r_t,G0_seed3407,refer,detected,endpoint,1265.0,1316.0,1.369293212890625,8.21575927734375,1.369293212890625
35_r_t,G0_seed3407,refer,detected,junction,1458.0,1316.0,2.3242950439453125,2.8650054931640625,2.3242950439453125
35_r_t,G0_seed3407,refer,detected,junction,1393.0,1323.0,0.9550018310546875,2.3242950439453125,0.9550018310546875
35_r_t,G0_seed3407,refer,detected,junction,550.0,1325.0,3.6935882568359375,4.107879638671875,4.648590087890625
35_r_t,G0_seed3407,refer,detected,non_vessel,1923.0,1325.0,21.494400024414062,21.494400024414062,23.818695068359375
35_r_t,G0_seed3407,refer,detected,junction,1755.0,1327.0,2.8650054931640625,3.279296875,2.8650054931640625
35_r_t,G0_seed3407,refer,detected,non_vessel,2028.0,1329.0,11.46002197265625,13.784317016601562,11.46002197265625
35_r_t,G0_seed3407,refer,detected,junction,489.0,1334.0,0.0,0.0,6.9728851318359375
35_r_t,G0_seed3407,refer,detected,junction,1528.0,1334.0,4.648590087890625,6.55859375,5.0628814697265625
35_r_t,G0_seed3407,refer,detected,junction,968.0,1336.0,2.3242950439453125,2.3242950439453125,6.01788330078125
35_r_t,G0_seed3407,refer,detected,junction,1863.0,1343.0,4.7750091552734375,4.7750091552734375,10.792892456054688
35_r_t,G0_seed3407,refer,detected,junction,1701.0,1345.0,1.910003662109375,1.910003662109375,2.73858642578125
35_r_t,G0_seed3407,refer,detected,junction,729.0,1347.0,0.0,0.0,1.369293212890625
35_r_t,G0_seed3407,refer,detected,junction,806.0,1347.0,3.279296875,4.2342987060546875,5.6035919189453125
35_r_t,G0_seed3407,refer,detected,non_vessel,1623.0,1347.0,22.863693237304688,23.53082275390625,22.863693237304688
35_r_t,G0_seed3407,refer,detected,junction,664.0,1352.0,2.73858642578125,2.73858642578125,13.945770263671875
35_r_t,G0_seed3407,refer,detected,junction,907.0,1352.0,1.369293212890625,5.4771728515625,3.279296875
35_r_t,G0_seed3407,refer,detected,junction,536.0,1354.0,1.910003662109375,3.6935882568359375,4.2342987060546875
35_r_t,G0_seed3407,refer,detected,junction,1032.0,1363.0,2.73858642578125,3.279296875,4.2342987060546875
35_r_t,G0_seed3407,refer,detected,non_vessel,2139.0,1365.0,28.720123291015625,30.503707885742188,28.720123291015625
35_r_t,G0_seed3407,refer,detected,junction,2045.0,1370.0,3.279296875,3.82000732421875,3.279296875
35_r_t,G0_seed3407,refer,detected,junction,1316.0,1374.0,1.369293212890625,3.6935882568359375,2.3242950439453125
35_r_t,G0_seed3407,refer,detected,junction,1373.0,1379.0,0.0,3.279296875,1.910003662109375
35_r_t,G0_seed3407,refer,detected,junction,1198.0,1388.0,1.369293212890625,1.910003662109375,13.819351196289062
35_r_t,G0_seed3407,refer,detected,junction,941.0,1390.0,1.910003662109375,2.8650054931640625,1.910003662109375
35_r_t,G0_seed3407,refer,detected,junction,1866.0,1390.0,1.910003662109375,5.6035919189453125,3.6935882568359375
35_r_t,G0_seed3407,refer,detected,junction,533.0,1392.0,0.9550018310546875,1.910003662109375,2.3242950439453125
35_r_t,G0_seed3407,refer,detected,non_vessel,1593.0,1392.0,26.648666381835938,28.720123291015625,26.648666381835938
35_r_t,G0_seed3407,refer,detected,non_vessel,614.0,1401.0,21.080108642578125,21.494400024414062,22.035110473632812
35_r_t,G0_seed3407,refer,detected,junction,1275.0,1401.0,2.3242950439453125,2.3242950439453125,15.982192993164062
35_r_t,G0_seed3407,refer,detected,junction,1728.0,1404.0,1.369293212890625,2.3242950439453125,41.13514709472656
35_r_t,G0_seed3407,refer,detected,junction,2052.0,1404.0,3.82000732421875,3.82000732421875,5.6035919189453125
35_r_t,G0_seed3407,refer,detected,non_vessel,1971.0,1408.0,46.738739013671875,48.360870361328125,46.738739013671875
35_r_t,G0_seed3407,refer,detected,junction,783.0,1413.0,0.0,0.0,2.3242950439453125
35_r_t,G0_seed3407,refer,detected,junction,1495.0,1415.0,3.279296875,4.648590087890625,3.279296875
35_r_t,G0_seed3407,refer,detected,junction,1667.0,1415.0,0.0,0.0,1.910003662109375
35_r_t,G0_seed3407,refer,detected,junction,877.0,1417.0,0.9550018310546875,3.82000732421875,0.9550018310546875
35_r_t,G0_seed3407,refer,detected,junction,1019.0,1419.0,2.3242950439453125,4.648590087890625,3.279296875
35_r_t,G0_seed3407,refer,detected,junction,1407.0,1424.0,0.0,0.0,2.73858642578125
35_r_t,G0_seed3407,refer,detected,junction,958.0,1428.0,1.910003662109375,4.648590087890625,2.3242950439453125
35_r_t,G0_seed3407,refer,detected,junction,1066.0,1435.0,1.369293212890625,1.369293212890625,4.2342987060546875
35_r_t,G0_seed3407,refer,detected,non_vessel,1559.0,1435.0,13.945770263671875,18.05364990234375,13.945770263671875
35_r_t,G0_seed3407,refer,detected,junction,661.0,1446.0,4.107879638671875,4.2342987060546875,5.4771728515625
35_r_t,G0_seed3407,refer,detected,junction,1177.0,1449.0,0.0,0.0,1.910003662109375
35_r_t,G0_seed3407,refer,detected,non_vessel,725.0,1453.0,17.927230834960938,19.963653564453125,17.927230834960938
35_r_t,G0_seed3407,refer,detected,junction,1262.0,1453.0,1.369293212890625,1.369293212890625,4.7750091552734375
35_r_t,G0_seed3407,refer,detected,non_vessel,2075.0,1455.0,20.504364013671875,21.8736572265625,20.504364013671875
35_r_t,G0_seed3407,refer,detected,non_vessel,1886.0,1458.0,47.785125732421875,49.1544189453125,47.785125732421875
35_r_t,G0_seed3407,refer,detected,junction,1447.0,1464.0,0.9550018310546875,0.9550018310546875,7.5135955810546875
35_r_t,G0_seed3407,refer,detected,junction,1056.0,1467.0,4.648590087890625,4.648590087890625,15.85577392578125
35_r_t,G0_seed3407,refer,detected,non_vessel,857.0,1480.0,10.252182006835938,12.990768432617188,10.252182006835938
35_r_t,G0_seed3407,refer,detected,non_vessel,1512.0,1480.0,25.72869873046875,27.765121459960938,25.72869873046875
35_r_t,G0_seed3407,refer,detected,junction,1603.0,1482.0,2.3242950439453125,2.3242950439453125,6.846466064453125
35_r_t,G0_seed3407,refer,detected,non_vessel,648.0,1485.0,25.981536865234375,25.981536865234375,32.79296875
35_r_t,G0_seed3407,refer,detected,junction,1161.0,1487.0,0.9550018310546875,1.910003662109375,4.648590087890625
35_r_t,G0_seed3407,refer,detected,junction,1383.0,1487.0,3.82000732421875,5.189300537109375,3.82000732421875
35_r_t,G0_seed3407,refer,detected,non_vessel,1771.0,1487.0,50.61509704589844,50.61509704589844,54.05584716796875
35_r_t,G0_seed3407,refer,detected,endpoint,995.0,1491.0,5.6035919189453125,11.080764770507812,5.6035919189453125
35_r_t,G0_seed3407,refer,detected,non_vessel,543.0,1498.0,16.396484375,17.351486206054688,20.630783081054688
35_r_t,G0_seed3407,refer,detected,junction,1221.0,1503.0,1.369293212890625,3.279296875,6.846466064453125
35_r_t,G0_seed3407,refer,detected,non_vessel,1289.0,1505.0,15.3150634765625,16.684356689453125,15.3150634765625
35_r_t,G0_seed3407,refer,detected,junction,1707.0,1505.0,1.910003662109375,2.3242950439453125,9.837890625
35_r_t,G0_seed3407,refer,detected,junction,776.0,1509.0,3.82000732421875,3.82000732421875,5.4771728515625
35_r_t,G0_seed3407,refer,detected,non_vessel,2028.0,1518.0,92.68392944335938,94.05322265625,92.68392944335938
35_r_t,G0_seed3407,refer,detected,junction,1083.0,1532.0,0.0,1.369293212890625,5.0628814697265625
35_r_t,G0_seed3407,refer,detected,non_vessel,1447.0,1536.0,24.232986450195312,24.773696899414062,25.72869873046875
35_r_t,G0_seed3407,refer,detected,non_vessel,1566.0,1536.0,28.340866088867188,29.295867919921875,28.685089111328125
35_r_t,G0_seed3407,refer,detected,junction,921.0,1541.0,4.107879638671875,4.648590087890625,7.927886962890625
35_r_t,G0_seed3407,refer,detected,junction,1711.0,1545.0,0.9550018310546875,0.9550018310546875,10.540054321289062
35_r_t,G0_seed3407,refer,detected,non_vessel,685.0,1550.0,52.145843505859375,52.56013488769531,68.32452392578125
35_r_t,G0_seed3407,refer,detected,junction,1002.0,1550.0,3.279296875,3.6935882568359375,15.982192993164062
35_r_t,G0_seed3407,refer,detected,junction,1312.0,1552.0,1.910003662109375,1.910003662109375,4.648590087890625
35_r_t,G0_seed3407,refer,detected,junction,1113.0,1563.0,0.0,0.0,12.162185668945312
35_r_t,G0_seed3407,refer,detected,non_vessel,1940.0,1563.0,170.4320526123047,171.8013458251953,170.4320526123047
35_r_t,G0_seed3407,refer,detected,non_vessel,857.0,1566.0,27.568634033203125,29.352218627929688,28.755157470703125
35_r_t,G0_seed3407,refer,detected,non_vessel,1717.0,1575.0,12.864349365234375,12.990768432617188,12.864349365234375
35_r_t,G0_seed3407,refer,detected,non_vessel,1873.0,1577.0,146.311767578125,147.68106079101562,146.311767578125
35_r_t,G0_seed3407,refer,detected,junction,1015.0,1579.0,0.9550018310546875,0.9550018310546875,3.279296875
35_r_t,G0_seed3407,refer,detected,non_vessel,1657.0,1581.0,61.92738342285156,63.04383850097656,68.54232788085938
35_r_t,G0_seed3407,refer,detected,junction,1194.0,1586.0,1.910003662109375,7.927886962890625,1.910003662109375
35_r_t,G0_seed3407,refer,detected,junction,1238.0,1586.0,0.0,0.0,1.910003662109375
35_r_t,G0_seed3407,refer,detected,endpoint,1508.0,1590.0,5.4771728515625,9.585052490234375,5.4771728515625
35_r_t,G0_seed3407,refer,detected,non_vessel,1282.0,1608.0,17.225067138671875,24.64727783203125,20.504364013671875
35_r_t,G0_seed3407,refer,detected,junction,1383.0,1617.0,2.3242950439453125,2.3242950439453125,8.21575927734375
35_r_t,G0_seed3407,refer,detected,non_vessel,793.0,1624.0,14.1986083984375,22.702239990234375,15.694320678710938
35_r_t,G0_seed3407,refer,detected,non_vessel,1221.0,1626.0,37.65936279296875,37.65936279296875,39.96234130859375
35_r_t,G0_seed3407,refer,detected,non_vessel,698.0,1629.0,9.170761108398438,11.909347534179688,9.170761108398438
35_r_t,G0_seed3407,refer,detected,junction,1306.0,1642.0,1.369293212890625,5.6035919189453125,5.0628814697265625
35_r_t,G0_seed3407,refer,detected,endpoint,1427.0,1644.0,1.369293212890625,10.9193115234375,1.369293212890625
35_r_t,G0_seed3407,refer,detected,non_vessel,1883.0,1644.0,183.6193084716797,184.9886016845703,183.6193084716797
35_r_t,G0_seed3407,refer,detected,junction,874.0,1653.0,0.9550018310546875,0.9550018310546875,6.9728851318359375
35_r_t,G0_seed3407,refer,detected,non_vessel,1731.0,1653.0,86.52590942382812,87.89520263671875,86.52590942382812
35_r_t,G0_seed3407,refer,detected,non_vessel,1073.0,1656.0,12.57647705078125,17.765777587890625,12.57647705078125
35_r_t,G0_seed3407,refer,detected,non_vessel,1545.0,1658.0,60.07373046875,60.48802185058594,61.85731506347656
35_r_t,G0_seed3407,query,ratio,non_vessel,988.0,274.0,27.568634033203125,28.93792724609375,27.568634033203125
35_r_t,G0_seed3407,query,ratio,non_vessel,1819.0,283.0,93.59017944335938,93.59017944335938,95.78805541992188
35_r_t,G0_seed3407,query,ratio,junction,1215.0,324.0,0.9550018310546875,2.3242950439453125,0.9550018310546875
35_r_t,G0_seed3407,query,ratio,junction,1404.0,337.0,1.910003662109375,2.8650054931640625,1.910003662109375
35_r_t,G0_seed3407,query,ratio,junction,1269.0,407.0,0.9550018310546875,2.3242950439453125,2.3242950439453125
35_r_t,G0_seed3407,query,ratio,junction,921.0,418.0,1.910003662109375,3.6935882568359375,7.09930419921875
35_r_t,G0_seed3407,query,ratio,junction,884.0,465.0,2.3242950439453125,2.73858642578125,5.730010986328125
35_r_t,G0_seed3407,query,ratio,non_vessel,627.0,472.0,94.39744567871094,96.1810302734375,103.18894958496094
35_r_t,G0_seed3407,query,ratio,junction,1495.0,474.0,1.910003662109375,2.3242950439453125,15.567901611328125
35_r_t,G0_seed3407,query,ratio,junction,1545.0,483.0,1.369293212890625,1.369293212890625,17.927230834960938
35_r_t,G0_seed3407,query,ratio,junction,1508.0,533.0,1.910003662109375,3.279296875,1.910003662109375
35_r_t,G0_seed3407,query,ratio,non_vessel,1417.0,549.0,73.38740539550781,75.71170043945312,73.38740539550781
35_r_t,G0_seed3407,query,ratio,non_vessel,880.0,580.0,40.08876037597656,40.08876037597656,40.37663269042969
35_r_t,G0_seed3407,query,ratio,non_vessel,560.0,614.0,23.242950439453125,23.783660888671875,23.242950439453125
35_r_t,G0_seed3407,query,ratio,junction,1630.0,645.0,0.9550018310546875,1.369293212890625,25.1529541015625
35_r_t,G0_seed3407,query,ratio,non_vessel,661.0,819.0,38.07365417480469,42.307952880859375,38.07365417480469
35_r_t,G0_seed3407,query,ratio,non_vessel,523.0,832.0,35.40513610839844,38.71946716308594,35.40513610839844
35_r_t,G0_seed3407,query,ratio,junction,1488.0,911.0,4.2342987060546875,4.7750091552734375,4.2342987060546875
35_r_t,G0_seed3407,query,ratio,non_vessel,1026.0,942.0,112.76028442382812,114.12957763671875,112.76028442382812
35_r_t,G0_seed3407,query,ratio,non_vessel,1734.0,1046.0,42.79231262207031,44.70231628417969,42.79231262207031
35_r_t,G0_seed3407,query,ratio,junction,1650.0,1062.0,2.3242950439453125,2.3242950439453125,2.8650054931640625
35_r_t,G0_seed3407,query,ratio,non_vessel,1458.0,1161.0,42.97508239746094,45.17295837402344,43.80366516113281
35_r_t,G0_seed3407,query,ratio,non_vessel,1279.0,1224.0,58.739471435546875,60.1087646484375,58.739471435546875
35_r_t,G0_seed3407,query,ratio,junction,1410.0,1262.0,1.369293212890625,1.369293212890625,3.6935882568359375
35_r_t,G0_seed3407,query,ratio,junction,1542.0,1271.0,4.648590087890625,6.1443023681640625,7.6400146484375
35_r_t,G0_seed3407,query,ratio,junction,1471.0,1280.0,2.3242950439453125,2.3242950439453125,27.3858642578125
35_r_t,G0_seed3407,query,ratio,non_vessel,1944.0,1282.0,99.79695129394531,101.16624450683594,99.79695129394531
35_r_t,G0_seed3407,query,ratio,junction,1431.0,1320.0,3.6935882568359375,3.6935882568359375,39.44294738769531
35_r_t,G0_seed3407,query,ratio,junction,1498.0,1325.0,2.3242950439453125,2.3242950439453125,14.072189331054688
35_r_t,G0_seed3407,query,ratio,non_vessel,1876.0,1368.0,115.17596435546875,115.17596435546875,115.8568115234375
35_r_t,G0_seed3407,query,ratio,non_vessel,1751.0,1482.0,32.88435363769531,66.72370910644531,32.88435363769531
35_r_t,G0_seed3407,query,ratio,non_vessel,857.0,1496.0,65.5509033203125,65.5509033203125,83.99752807617188
35_r_t,G0_seed3407,refer,ratio,vessel_segment,955.0,72.0,7.927886962890625,11.080764770507812,9.29718017578125
35_r_t,G0_seed3407,refer,ratio,non_vessel,1967.0,132.0,207.5156707763672,218.42738342285156,207.5156707763672
35_r_t,G0_seed3407,refer,ratio,junction,1231.0,137.0,0.9550018310546875,0.9550018310546875,9.711471557617188
35_r_t,G0_seed3407,refer,ratio,junction,1522.0,182.0,0.0,0.0,4.107879638671875
35_r_t,G0_seed3407,refer,ratio,junction,2041.0,983.0,0.9550018310546875,0.9550018310546875,7.09930419921875
35_r_t,G0_seed3407,refer,ratio,junction,850.0,249.0,5.4771728515625,5.4771728515625,20.918655395507812
35_r_t,G0_seed3407,refer,ratio,junction,796.0,306.0,0.0,0.0,2.73858642578125
35_r_t,G0_seed3407,refer,ratio,junction,462.0,337.0,3.6935882568359375,4.648590087890625,7.927886962890625
35_r_t,G0_seed3407,refer,ratio,endpoint,1616.0,351.0,7.387176513671875,10.505020141601562,7.387176513671875
35_r_t,G0_seed3407,refer,ratio,junction,1670.0,344.0,0.9550018310546875,0.9550018310546875,10.252182006835938
35_r_t,G0_seed3407,refer,ratio,junction,1623.0,409.0,0.9550018310546875,0.9550018310546875,3.82000732421875
35_r_t,G0_seed3407,refer,ratio,junction,1515.0,427.0,0.0,0.0,5.189300537109375
35_r_t,G0_seed3407,refer,ratio,junction,772.0,449.0,0.9550018310546875,4.107879638671875,3.6935882568359375
35_r_t,G0_seed3407,refer,ratio,non_vessel,367.0,531.0,64.75735473632812,65.17164611816406,80.07241821289062
35_r_t,G0_seed3407,refer,ratio,non_vessel,1788.0,571.0,33.42506408691406,34.25364685058594,34.25364685058594
35_r_t,G0_seed3407,refer,ratio,non_vessel,486.0,787.0,14.1986083984375,14.325027465820312,14.1986083984375
35_r_t,G0_seed3407,refer,ratio,non_vessel,310.0,807.0,126.35423278808594,128.1378173828125,126.35423278808594
35_r_t,G0_seed3407,refer,ratio,non_vessel,1593.0,931.0,42.28663635253906,45.43951416015625,42.28663635253906
35_r_t,G0_seed3407,refer,ratio,non_vessel,955.0,953.0,116.92451477050781,117.46522521972656,116.92451477050781
35_r_t,G0_seed3407,refer,ratio,non_vessel,1913.0,1113.0,28.46728515625,28.46728515625,29.962997436523438
35_r_t,G0_seed3407,refer,ratio,non_vessel,1809.0,1127.0,22.41436767578125,24.738662719726562,25.279373168945312
35_r_t,G0_seed3407,refer,ratio,junction,1545.0,1278.0,0.0,0.0,4.107879638671875
35_r_t,G0_seed3407,refer,ratio,junction,1316.0,1374.0,1.369293212890625,3.6935882568359375,2.3242950439453125
35_r_t,G0_seed3407,refer,ratio,junction,1495.0,1415.0,3.279296875,4.648590087890625,3.279296875
35_r_t,G0_seed3407,refer,ratio,junction,1667.0,1415.0,0.0,0.0,1.910003662109375
35_r_t,G0_seed3407,refer,ratio,non_vessel,1559.0,1435.0,13.945770263671875,18.05364990234375,13.945770263671875
35_r_t,G0_seed3407,refer,ratio,non_vessel,2139.0,1365.0,28.720123291015625,30.503707885742188,28.720123291015625
35_r_t,G0_seed3407,refer,ratio,non_vessel,1512.0,1480.0,25.72869873046875,27.765121459960938,25.72869873046875
35_r_t,G0_seed3407,refer,ratio,junction,1603.0,1482.0,2.3242950439453125,2.3242950439453125,6.846466064453125
35_r_t,G0_seed3407,refer,ratio,non_vessel,2028.0,1518.0,92.68392944335938,94.05322265625,92.68392944335938
35_r_t,G0_seed3407,refer,ratio,non_vessel,2028.0,1518.0,92.68392944335938,94.05322265625,92.68392944335938
35_r_t,G0_seed3407,refer,ratio,junction,783.0,1413.0,0.0,0.0,2.3242950439453125
35_r_t,G0_seed3407,query,final,junction,1215.0,324.0,0.9550018310546875,2.3242950439453125,0.9550018310546875
35_r_t,G0_seed3407,query,final,junction,921.0,418.0,1.910003662109375,3.6935882568359375,7.09930419921875
35_r_t,G0_seed3407,query,final,junction,884.0,465.0,2.3242950439453125,2.73858642578125,5.730010986328125
35_r_t,G0_seed3407,query,final,non_vessel,627.0,472.0,94.39744567871094,96.1810302734375,103.18894958496094
35_r_t,G0_seed3407,query,final,junction,1508.0,533.0,1.910003662109375,3.279296875,1.910003662109375
35_r_t,G0_seed3407,query,final,non_vessel,1417.0,549.0,73.38740539550781,75.71170043945312,73.38740539550781
35_r_t,G0_seed3407,query,final,non_vessel,523.0,832.0,35.40513610839844,38.71946716308594,35.40513610839844
35_r_t,G0_seed3407,query,final,junction,1488.0,911.0,4.2342987060546875,4.7750091552734375,4.2342987060546875
35_r_t,G0_seed3407,query,final,non_vessel,1026.0,942.0,112.76028442382812,114.12957763671875,112.76028442382812
35_r_t,G0_seed3407,query,final,junction,1650.0,1062.0,2.3242950439453125,2.3242950439453125,2.8650054931640625
35_r_t,G0_seed3407,query,final,junction,1410.0,1262.0,1.369293212890625,1.369293212890625,3.6935882568359375
35_r_t,G0_seed3407,query,final,junction,1542.0,1271.0,4.648590087890625,6.1443023681640625,7.6400146484375
35_r_t,G0_seed3407,query,final,junction,1471.0,1280.0,2.3242950439453125,2.3242950439453125,27.3858642578125
35_r_t,G0_seed3407,query,final,junction,1431.0,1320.0,3.6935882568359375,3.6935882568359375,39.44294738769531
35_r_t,G0_seed3407,refer,final,junction,1231.0,137.0,0.9550018310546875,0.9550018310546875,9.711471557617188
35_r_t,G0_seed3407,refer,final,junction,850.0,249.0,5.4771728515625,5.4771728515625,20.918655395507812
35_r_t,G0_seed3407,refer,final,junction,796.0,306.0,0.0,0.0,2.73858642578125
35_r_t,G0_seed3407,refer,final,junction,462.0,337.0,3.6935882568359375,4.648590087890625,7.927886962890625
35_r_t,G0_seed3407,refer,final,junction,1623.0,409.0,0.9550018310546875,0.9550018310546875,3.82000732421875
35_r_t,G0_seed3407,refer,final,junction,1515.0,427.0,0.0,0.0,5.189300537109375
35_r_t,G0_seed3407,refer,final,non_vessel,310.0,807.0,126.35423278808594,128.1378173828125,126.35423278808594
35_r_t,G0_seed3407,refer,final,non_vessel,1593.0,931.0,42.28663635253906,45.43951416015625,42.28663635253906
35_r_t,G0_seed3407,refer,final,non_vessel,955.0,953.0,116.92451477050781,117.46522521972656,116.92451477050781
35_r_t,G0_seed3407,refer,final,non_vessel,1809.0,1127.0,22.41436767578125,24.738662719726562,25.279373168945312
35_r_t,G0_seed3407,refer,final,junction,1495.0,1415.0,3.279296875,4.648590087890625,3.279296875
35_r_t,G0_seed3407,refer,final,junction,1667.0,1415.0,0.0,0.0,1.910003662109375
35_r_t,G0_seed3407,refer,final,non_vessel,1559.0,1435.0,13.945770263671875,18.05364990234375,13.945770263671875
35_r_t,G0_seed3407,refer,final,non_vessel,1512.0,1480.0,25.72869873046875,27.765121459960938,25.72869873046875
35_r_t,G0_seed3407,query,first_stage_inlier,junction,1215.0,324.0,0.9550018310546875,2.3242950439453125,0.9550018310546875
35_r_t,G0_seed3407,query,first_stage_inlier,junction,921.0,418.0,1.910003662109375,3.6935882568359375,7.09930419921875
35_r_t,G0_seed3407,query,first_stage_inlier,junction,884.0,465.0,2.3242950439453125,2.73858642578125,5.730010986328125
35_r_t,G0_seed3407,query,first_stage_inlier,non_vessel,627.0,472.0,94.39744567871094,96.1810302734375,103.18894958496094
35_r_t,G0_seed3407,query,first_stage_inlier,junction,1508.0,533.0,1.910003662109375,3.279296875,1.910003662109375
35_r_t,G0_seed3407,query,first_stage_inlier,non_vessel,1417.0,549.0,73.38740539550781,75.71170043945312,73.38740539550781
35_r_t,G0_seed3407,query,first_stage_inlier,non_vessel,523.0,832.0,35.40513610839844,38.71946716308594,35.40513610839844
35_r_t,G0_seed3407,query,first_stage_inlier,junction,1488.0,911.0,4.2342987060546875,4.7750091552734375,4.2342987060546875
35_r_t,G0_seed3407,query,first_stage_inlier,non_vessel,1026.0,942.0,112.76028442382812,114.12957763671875,112.76028442382812
35_r_t,G0_seed3407,query,first_stage_inlier,junction,1650.0,1062.0,2.3242950439453125,2.3242950439453125,2.8650054931640625
35_r_t,G0_seed3407,query,first_stage_inlier,junction,1410.0,1262.0,1.369293212890625,1.369293212890625,3.6935882568359375
35_r_t,G0_seed3407,query,first_stage_inlier,junction,1542.0,1271.0,4.648590087890625,6.1443023681640625,7.6400146484375
35_r_t,G0_seed3407,query,first_stage_inlier,junction,1471.0,1280.0,2.3242950439453125,2.3242950439453125,27.3858642578125
35_r_t,G0_seed3407,query,first_stage_inlier,junction,1431.0,1320.0,3.6935882568359375,3.6935882568359375,39.44294738769531
35_r_t,G0_seed3407,refer,first_stage_inlier,junction,1231.0,137.0,0.9550018310546875,0.9550018310546875,9.711471557617188
35_r_t,G0_seed3407,refer,first_stage_inlier,junction,850.0,249.0,5.4771728515625,5.4771728515625,20.918655395507812
35_r_t,G0_seed3407,refer,first_stage_inlier,junction,796.0,306.0,0.0,0.0,2.73858642578125
35_r_t,G0_seed3407,refer,first_stage_inlier,junction,462.0,337.0,3.6935882568359375,4.648590087890625,7.927886962890625
35_r_t,G0_seed3407,refer,first_stage_inlier,junction,1623.0,409.0,0.9550018310546875,0.9550018310546875,3.82000732421875
35_r_t,G0_seed3407,refer,first_stage_inlier,junction,1515.0,427.0,0.0,0.0,5.189300537109375
35_r_t,G0_seed3407,refer,first_stage_inlier,non_vessel,310.0,807.0,126.35423278808594,128.1378173828125,126.35423278808594
35_r_t,G0_seed3407,refer,first_stage_inlier,non_vessel,1593.0,931.0,42.28663635253906,45.43951416015625,42.28663635253906
35_r_t,G0_seed3407,refer,first_stage_inlier,non_vessel,955.0,953.0,116.92451477050781,117.46522521972656,116.92451477050781
35_r_t,G0_seed3407,refer,first_stage_inlier,non_vessel,1809.0,1127.0,22.41436767578125,24.738662719726562,25.279373168945312
35_r_t,G0_seed3407,refer,first_stage_inlier,junction,1495.0,1415.0,3.279296875,4.648590087890625,3.279296875
35_r_t,G0_seed3407,refer,first_stage_inlier,junction,1667.0,1415.0,0.0,0.0,1.910003662109375
35_r_t,G0_seed3407,refer,first_stage_inlier,non_vessel,1559.0,1435.0,13.945770263671875,18.05364990234375,13.945770263671875
35_r_t,G0_seed3407,refer,first_stage_inlier,non_vessel,1512.0,1480.0,25.72869873046875,27.765121459960938,25.72869873046875
39_r_t,G0_seed3407,query,detected,endpoint,1319.0,85.0,4.648590087890625,8.882888793945312,4.648590087890625
39_r_t,G0_seed3407,query,detected,non_vessel,1383.0,85.0,13.278640747070312,15.729354858398438,13.370025634765625
39_r_t,G0_seed3407,query,detected,junction,1201.0,92.0,1.369293212890625,4.107879638671875,1.369293212890625
39_r_t,G0_seed3407,query,detected,junction,1272.0,117.0,0.9550018310546875,3.6935882568359375,7.5135955810546875
39_r_t,G0_seed3407,query,detected,non_vessel,1532.0,123.0,17.098648071289062,22.667205810546875,17.800811767578125
39_r_t,G0_seed3407,query,detected,non_vessel,1039.0,125.0,33.83935546875,41.35295104980469,33.83935546875
39_r_t,G0_seed3407,query,detected,junction,1623.0,159.0,0.9550018310546875,4.2342987060546875,0.9550018310546875
39_r_t,G0_seed3407,query,detected,junction,1464.0,164.0,1.910003662109375,1.910003662109375,8.7564697265625
39_r_t,G0_seed3407,query,detected,junction,1201.0,166.0,1.910003662109375,3.279296875,2.73858642578125
39_r_t,G0_seed3407,query,detected,junction,1333.0,175.0,0.9550018310546875,1.910003662109375,3.6935882568359375
39_r_t,G0_seed3407,query,detected,junction,1093.0,180.0,4.2342987060546875,7.8014678955078125,4.2342987060546875
39_r_t,G0_seed3407,query,detected,junction,951.0,195.0,0.9550018310546875,0.9550018310546875,3.6935882568359375
39_r_t,G0_seed3407,query,detected,junction,1620.0,195.0,4.2342987060546875,4.2342987060546875,10.792892456054688
39_r_t,G0_seed3407,query,detected,non_vessel,1518.0,200.0,24.359405517578125,27.512283325195312,31.388641357421875
39_r_t,G0_seed3407,query,detected,non_vessel,864.0,216.0,58.844573974609375,61.42170715332031,58.844573974609375
39_r_t,G0_seed3407,query,detected,junction,1215.0,224.0,0.0,0.0,4.2342987060546875
39_r_t,G0_seed3407,query,detected,junction,924.0,229.0,0.0,1.369293212890625,1.369293212890625
39_r_t,G0_seed3407,query,detected,endpoint,992.0,240.0,1.910003662109375,9.29718017578125,1.910003662109375
39_r_t,G0_seed3407,query,detected,junction,1147.0,243.0,0.9550018310546875,0.9550018310546875,22.575820922851562
39_r_t,G0_seed3407,query,detected,junction,1360.0,243.0,1.369293212890625,3.6935882568359375,1.369293212890625
39_r_t,G0_seed3407,query,detected,junction,891.0,261.0,7.8014678955078125,7.8014678955078125,8.468597412109375
39_r_t,G0_seed3407,query,detected,junction,1626.0,261.0,1.910003662109375,1.910003662109375,15.188644409179688
39_r_t,G0_seed3407,query,detected,non_vessel,803.0,263.0,42.18153381347656,43.13653564453125,49.89161682128906
39_r_t,G0_seed3407,query,detected,junction,945.0,265.0,1.910003662109375,2.3242950439453125,6.55859375
39_r_t,G0_seed3407,query,detected,non_vessel,1248.0,274.0,8.7564697265625,10.125762939453125,8.7564697265625
39_r_t,G0_seed3407,query,detected,junction,1501.0,274.0,1.369293212890625,6.4321746826171875,1.369293212890625
39_r_t,G0_seed3407,query,detected,junction,1201.0,276.0,3.82000732421875,3.82000732421875,4.648590087890625
39_r_t,G0_seed3407,query,detected,non_vessel,1819.0,281.0,42.43437194824219,42.97508239746094,42.43437194824219
39_r_t,G0_seed3407,query,detected,junction,1012.0,285.0,0.9550018310546875,0.9550018310546875,1.369293212890625
39_r_t,G0_seed3407,query,detected,non_vessel,1137.0,292.0,12.162185668945312,13.531478881835938,14.647933959960938
39_r_t,G0_seed3407,query,detected,junction,1326.0,294.0,1.910003662109375,1.910003662109375,2.8650054931640625
39_r_t,G0_seed3407,query,detected,junction,1069.0,297.0,1.910003662109375,3.6935882568359375,2.3242950439453125
39_r_t,G0_seed3407,query,detected,junction,955.0,306.0,2.73858642578125,3.6935882568359375,25.72869873046875
39_r_t,G0_seed3407,query,detected,junction,1630.0,312.0,2.3242950439453125,6.1443023681640625,2.8650054931640625
39_r_t,G0_seed3407,query,detected,junction,1498.0,315.0,4.107879638671875,4.107879638671875,8.882888793945312
39_r_t,G0_seed3407,query,detected,junction,840.0,324.0,1.910003662109375,3.279296875,1.910003662109375
39_r_t,G0_seed3407,query,detected,endpoint,1785.0,328.0,1.369293212890625,8.468597412109375,3.279296875
39_r_t,G0_seed3407,query,detected,junction,1127.0,330.0,0.0,0.0,13.819351196289062
39_r_t,G0_seed3407,query,detected,junction,1056.0,333.0,2.3242950439453125,2.3242950439453125,17.604324340820312
39_r_t,G0_seed3407,query,detected,junction,1255.0,344.0,3.279296875,4.648590087890625,3.279296875
39_r_t,G0_seed3407,query,detected,junction,1397.0,346.0,2.73858642578125,2.73858642578125,5.730010986328125
39_r_t,G0_seed3407,query,detected,endpoint,1866.0,346.0,4.648590087890625,8.342178344726562,4.648590087890625
39_r_t,G0_seed3407,query,detected,junction,1498.0,348.0,3.82000732421875,4.648590087890625,24.738662719726562
39_r_t,G0_seed3407,query,detected,junction,1647.0,360.0,1.369293212890625,1.369293212890625,2.3242950439453125
39_r_t,G0_seed3407,query,detected,junction,1346.0,362.0,0.9550018310546875,0.9550018310546875,3.279296875
39_r_t,G0_seed3407,query,detected,junction,1181.0,364.0,0.0,0.0,17.351486206054688
39_r_t,G0_seed3407,query,detected,junction,1731.0,371.0,2.8650054931640625,3.6935882568359375,12.829315185546875
39_r_t,G0_seed3407,query,detected,junction,1775.0,373.0,0.0,0.0,4.7750091552734375
39_r_t,G0_seed3407,query,detected,non_vessel,1900.0,382.0,40.215179443359375,40.755889892578125,40.215179443359375
39_r_t,G0_seed3407,query,detected,junction,823.0,387.0,2.73858642578125,2.73858642578125,27.062957763671875
39_r_t,G0_seed3407,query,detected,junction,1107.0,387.0,2.3242950439453125,2.3242950439453125,2.3242950439453125
39_r_t,G0_seed3407,query,detected,junction,1846.0,396.0,1.369293212890625,3.6935882568359375,4.7750091552734375
39_r_t,G0_seed3407,query,detected,junction,958.0,405.0,1.369293212890625,1.369293212890625,6.55859375
39_r_t,G0_seed3407,query,detected,junction,1002.0,407.0,1.910003662109375,1.910003662109375,35.33506774902344
39_r_t,G0_seed3407,query,detected,junction,1279.0,409.0,0.9550018310546875,0.9550018310546875,3.6935882568359375
39_r_t,G0_seed3407,query,detected,junction,857.0,414.0,1.910003662109375,2.8650054931640625,15.567901611328125
39_r_t,G0_seed3407,query,detected,endpoint,1657.0,414.0,1.910003662109375,10.666473388671875,3.6935882568359375
39_r_t,G0_seed3407,query,detected,junction,1474.0,420.0,0.0,0.0,25.72869873046875
39_r_t,G0_seed3407,query,detected,junction,1431.0,429.0,0.0,0.0,4.2342987060546875
39_r_t,G0_seed3407,query,detected,junction,1073.0,434.0,0.9550018310546875,6.55859375,13.243606567382812
39_r_t,G0_seed3407,query,detected,junction,756.0,441.0,1.910003662109375,1.910003662109375,6.01788330078125
39_r_t,G0_seed3407,query,detected,junction,1360.0,445.0,0.9550018310546875,0.9550018310546875,5.4771728515625
39_r_t,G0_seed3407,query,detected,junction,1842.0,454.0,0.0,4.7750091552734375,9.423599243164062
39_r_t,G0_seed3407,query,detected,junction,826.0,456.0,2.73858642578125,2.73858642578125,9.009307861328125
39_r_t,G0_seed3407,query,detected,junction,884.0,461.0,0.9550018310546875,0.9550018310546875,4.2342987060546875
39_r_t,G0_seed3407,query,detected,junction,1279.0,463.0,3.279296875,3.279296875,10.792892456054688
39_r_t,G0_seed3407,query,detected,junction,1019.0,472.0,2.73858642578125,3.279296875,7.09930419921875
39_r_t,G0_seed3407,query,detected,junction,1606.0,472.0,6.1443023681640625,7.5135955810546875,6.1443023681640625
39_r_t,G0_seed3407,query,detected,junction,1674.0,476.0,0.9550018310546875,0.9550018310546875,38.235107421875
39_r_t,G0_seed3407,query,detected,junction,1137.0,479.0,4.107879638671875,5.0628814697265625,5.730010986328125
39_r_t,G0_seed3407,query,detected,junction,1225.0,479.0,0.9550018310546875,4.648590087890625,5.6035919189453125
39_r_t,G0_seed3407,query,detected,non_vessel,1528.0,488.0,34.667938232421875,38.68443298339844,34.9908447265625
39_r_t,G0_seed3407,query,detected,junction,1454.0,490.0,0.9550018310546875,0.9550018310546875,11.49505615234375
39_r_t,G0_seed3407,query,detected,junction,614.0,495.0,4.2342987060546875,7.5135955810546875,4.2342987060546875
39_r_t,G0_seed3407,query,detected,junction,1819.0,499.0,6.9728851318359375,6.9728851318359375,18.145034790039062
39_r_t,G0_seed3407,query,detected,junction,813.0,506.0,2.73858642578125,2.73858642578125,10.9193115234375
39_r_t,G0_seed3407,query,detected,junction,1387.0,506.0,1.369293212890625,1.369293212890625,7.6400146484375
39_r_t,G0_seed3407,query,detected,junction,1053.0,519.0,0.9550018310546875,6.01788330078125,0.9550018310546875
39_r_t,G0_seed3407,query,detected,junction,1140.0,519.0,0.0,0.9550018310546875,5.189300537109375
39_r_t,G0_seed3407,query,detected,junction,1478.0,519.0,0.9550018310546875,0.9550018310546875,3.279296875
39_r_t,G0_seed3407,query,detected,non_vessel,1987.0,519.0,31.009384155273438,32.505096435546875,31.13580322265625
39_r_t,G0_seed3407,query,detected,junction,735.0,526.0,2.8650054931640625,2.8650054931640625,3.6935882568359375
39_r_t,G0_seed3407,query,detected,junction,938.0,526.0,2.73858642578125,6.4321746826171875,6.4321746826171875
39_r_t,G0_seed3407,query,detected,junction,1282.0,528.0,1.369293212890625,1.369293212890625,1.369293212890625
39_r_t,G0_seed3407,query,detected,junction,1225.0,535.0,3.6935882568359375,5.4771728515625,6.55859375
39_r_t,G0_seed3407,query,detected,junction,1674.0,537.0,2.73858642578125,3.279296875,5.4771728515625
39_r_t,G0_seed3407,query,detected,junction,1893.0,540.0,1.369293212890625,1.910003662109375,5.189300537109375
39_r_t,G0_seed3407,query,detected,junction,678.0,549.0,2.73858642578125,2.73858642578125,5.0628814697265625
39_r_t,G0_seed3407,query,detected,non_vessel,1569.0,549.0,17.190032958984375,21.494400024414062,18.01861572265625
39_r_t,G0_seed3407,query,detected,junction,1390.0,560.0,1.369293212890625,1.910003662109375,1.910003662109375
39_r_t,G0_seed3407,query,detected,junction,1792.0,560.0,6.9728851318359375,6.9728851318359375,9.423599243164062
39_r_t,G0_seed3407,query,detected,endpoint,1518.0,562.0,0.9550018310546875,13.405059814453125,1.910003662109375
39_r_t,G0_seed3407,query,detected,junction,891.0,564.0,3.6935882568359375,3.6935882568359375,4.2342987060546875
39_r_t,G0_seed3407,query,detected,junction,1161.0,564.0,2.8650054931640625,6.55859375,10.792892456054688
39_r_t,G0_seed3407,query,detected,junction,1076.0,569.0,1.369293212890625,1.369293212890625,6.1443023681640625
39_r_t,G0_seed3407,query,detected,junction,779.0,580.0,3.82000732421875,3.82000732421875,15.188644409179688
39_r_t,G0_seed3407,query,detected,vessel_segment,1292.0,580.0,0.9550018310546875,8.054306030273438,12.288604736328125
39_r_t,G0_seed3407,query,detected,junction,2011.0,589.0,0.9550018310546875,4.107879638671875,0.9550018310546875
39_r_t,G0_seed3407,query,detected,junction,1687.0,594.0,2.3242950439453125,3.279296875,2.73858642578125
39_r_t,G0_seed3407,query,detected,junction,1360.0,603.0,0.9550018310546875,0.9550018310546875,19.963653564453125
39_r_t,G0_seed3407,query,detected,junction,1498.0,603.0,0.9550018310546875,4.2342987060546875,0.9550018310546875
39_r_t,G0_seed3407,query,detected,junction,1559.0,605.0,0.0,0.0,6.01788330078125
39_r_t,G0_seed3407,query,detected,junction,1184.0,607.0,3.279296875,4.2342987060546875,13.278640747070312
39_r_t,G0_seed3407,query,detected,junction,1802.0,609.0,4.2342987060546875,4.2342987060546875,8.468597412109375
39_r_t,G0_seed3407,query,detected,junction,769.0,612.0,2.73858642578125,2.73858642578125,4.2342987060546875
39_r_t,G0_seed3407,query,detected,junction,1414.0,614.0,1.910003662109375,2.3242950439453125,13.784317016601562
39_r_t,G0_seed3407,query,detected,junction,864.0,627.0,0.9550018310546875,3.279296875,0.9550018310546875
39_r_t,G0_seed3407,query,detected,junction,1123.0,632.0,2.8650054931640625,6.4321746826171875,9.550018310546875
39_r_t,G0_seed3407,query,detected,non_vessel,1701.0,634.0,9.964309692382812,14.612899780273438,9.964309692382812
39_r_t,G0_seed3407,query,detected,junction,1069.0,639.0,2.73858642578125,2.73858642578125,14.73931884765625
39_r_t,G0_seed3407,query,detected,junction,1630.0,639.0,3.279296875,7.09930419921875,3.279296875
39_r_t,G0_seed3407,query,detected,junction,1917.0,639.0,0.9550018310546875,1.369293212890625,8.054306030273438
39_r_t,G0_seed3407,query,detected,junction,1481.0,641.0,0.9550018310546875,0.9550018310546875,1.369293212890625
39_r_t,G0_seed3407,query,detected,junction,550.0,648.0,1.369293212890625,1.910003662109375,1.910003662109375
39_r_t,G0_seed3407,query,detected,non_vessel,685.0,648.0,39.063690185546875,40.97369384765625,39.063690185546875
39_r_t,G0_seed3407,query,detected,junction,1022.0,648.0,2.3242950439453125,2.3242950439453125,7.927886962890625
39_r_t,G0_seed3407,query,detected,endpoint,978.0,650.0,4.2342987060546875,10.252182006835938,4.2342987060546875
39_r_t,G0_seed3407,query,detected,junction,1201.0,650.0,0.0,0.0,13.65789794921875
39_r_t,G0_seed3407,query,detected,junction,911.0,663.0,2.73858642578125,2.73858642578125,12.864349365234375
39_r_t,G0_seed3407,query,detected,junction,1262.0,663.0,1.369293212890625,6.55859375,4.2342987060546875
39_r_t,G0_seed3407,query,detected,junction,1856.0,666.0,3.279296875,4.648590087890625,3.279296875
39_r_t,G0_seed3407,query,detected,junction,610.0,668.0,1.369293212890625,1.910003662109375,1.910003662109375
39_r_t,G0_seed3407,query,detected,junction,1343.0,668.0,0.9550018310546875,0.9550018310546875,2.8650054931640625
39_r_t,G0_seed3407,query,detected,junction,874.0,670.0,2.73858642578125,3.6935882568359375,3.6935882568359375
39_r_t,G0_seed3407,query,detected,non_vessel,1758.0,672.0,16.557937622070312,16.557937622070312,22.161529541015625
39_r_t,G0_seed3407,query,detected,non_vessel,1704.0,675.0,43.40309143066406,43.94380187988281,47.314483642578125
39_r_t,G0_seed3407,query,detected,junction,1069.0,677.0,3.82000732421875,3.82000732421875,7.09930419921875
39_r_t,G0_seed3407,query,detected,junction,1380.0,679.0,6.846466064453125,7.8014678955078125,12.162185668945312
39_r_t,G0_seed3407,query,detected,junction,1653.0,684.0,0.9550018310546875,0.9550018310546875,4.107879638671875
39_r_t,G0_seed3407,query,detected,junction,546.0,686.0,1.910003662109375,6.01788330078125,9.711471557617188
39_r_t,G0_seed3407,query,detected,junction,830.0,688.0,2.73858642578125,2.73858642578125,3.279296875
39_r_t,G0_seed3407,query,detected,junction,1026.0,693.0,2.73858642578125,5.4771728515625,2.73858642578125
39_r_t,G0_seed3407,query,detected,junction,1157.0,697.0,2.8650054931640625,2.8650054931640625,30.721511840820312
39_r_t,G0_seed3407,query,detected,junction,1576.0,699.0,1.910003662109375,5.4771728515625,2.3242950439453125
39_r_t,G0_seed3407,query,detected,junction,958.0,702.0,3.82000732421875,3.82000732421875,4.648590087890625
39_r_t,G0_seed3407,query,detected,junction,1461.0,708.0,1.369293212890625,6.1443023681640625,9.837890625
39_r_t,G0_seed3407,query,detected,non_vessel,1815.0,713.0,26.936538696289062,28.305831909179688,26.936538696289062
39_r_t,G0_seed3407,query,detected,junction,766.0,715.0,5.0628814697265625,5.0628814697265625,15.602935791015625
39_r_t,G0_seed3407,query,detected,junction,1316.0,715.0,4.2342987060546875,7.5135955810546875,32.98945617675781
39_r_t,G0_seed3407,query,detected,junction,2058.0,717.0,2.3242950439453125,2.3242950439453125,3.279296875
39_r_t,G0_seed3407,query,detected,junction,1252.0,720.0,2.3242950439453125,3.6935882568359375,2.8650054931640625
39_r_t,G0_seed3407,query,detected,junction,1380.0,720.0,0.0,0.0,24.703628540039062
39_r_t,G0_seed3407,query,detected,non_vessel,1906.0,724.0,13.243606567382812,15.982192993164062,13.243606567382812
39_r_t,G0_seed3407,query,detected,junction,938.0,735.0,4.648590087890625,4.7750091552734375,6.55859375
39_r_t,G0_seed3407,query,detected,endpoint,664.0,738.0,7.387176513671875,8.7564697265625,7.387176513671875
39_r_t,G0_seed3407,query,detected,non_vessel,867.0,738.0,22.793624877929688,28.109344482421875,22.793624877929688
39_r_t,G0_seed3407,query,detected,junction,1549.0,738.0,1.369293212890625,1.369293212890625,10.505020141601562
39_r_t,G0_seed3407,query,detected,junction,999.0,740.0,1.369293212890625,4.2342987060546875,1.369293212890625
39_r_t,G0_seed3407,query,detected,junction,1100.0,740.0,2.73858642578125,2.73858642578125,2.73858642578125
39_r_t,G0_seed3407,query,detected,junction,1167.0,740.0,1.910003662109375,1.910003662109375,2.8650054931640625
39_r_t,G0_seed3407,query,detected,non_vessel,1623.0,749.0,32.66654968261719,33.080841064453125,35.278717041015625
39_r_t,G0_seed3407,query,detected,junction,580.0,751.0,2.3242950439453125,2.3242950439453125,2.3242950439453125
39_r_t,G0_seed3407,query,detected,junction,1488.0,751.0,2.73858642578125,3.82000732421875,2.73858642578125
39_r_t,G0_seed3407,query,detected,junction,712.0,753.0,3.279296875,3.279296875,11.207183837890625
39_r_t,G0_seed3407,query,detected,junction,1420.0,756.0,1.910003662109375,5.0628814697265625,8.054306030273438
39_r_t,G0_seed3407,query,detected,junction,799.0,762.0,5.730010986328125,5.730010986328125,10.792892456054688
39_r_t,G0_seed3407,query,detected,junction,1316.0,769.0,1.910003662109375,1.910003662109375,9.964309692382812
39_r_t,G0_seed3407,query,detected,non_vessel,1748.0,771.0,21.33294677734375,21.8736572265625,21.33294677734375
39_r_t,G0_seed3407,query,detected,non_vessel,1846.0,774.0,28.811508178710938,32.505096435546875,31.13580322265625
39_r_t,G0_seed3407,query,detected,endpoint,1130.0,776.0,3.6935882568359375,10.37860107421875,3.6935882568359375
39_r_t,G0_seed3407,query,detected,junction,1400.0,792.0,4.2342987060546875,5.0628814697265625,4.2342987060546875
39_r_t,G0_seed3407,query,detected,junction,1225.0,794.0,0.9550018310546875,4.7750091552734375,0.9550018310546875
39_r_t,G0_seed3407,query,detected,junction,1900.0,794.0,0.9550018310546875,3.6935882568359375,0.9550018310546875
39_r_t,G0_seed3407,query,detected,non_vessel,1471.0,805.0,8.054306030273438,9.423599243164062,8.054306030273438
39_r_t,G0_seed3407,query,detected,junction,1049.0,807.0,3.82000732421875,5.0628814697265625,4.107879638671875
39_r_t,G0_seed3407,query,detected,junction,901.0,810.0,2.3242950439453125,6.1443023681640625,3.6935882568359375
39_r_t,G0_seed3407,query,detected,non_vessel,1356.0,810.0,12.415023803710938,15.153610229492188,12.415023803710938
39_r_t,G0_seed3407,query,detected,non_vessel,1704.0,812.0,61.73089599609375,63.100189208984375,61.73089599609375
39_r_t,G0_seed3407,query,detected,non_vessel,644.0,816.0,12.702896118164062,14.072189331054688,12.702896118164062
39_r_t,G0_seed3407,query,detected,junction,789.0,816.0,0.9550018310546875,0.9550018310546875,3.6935882568359375
39_r_t,G0_seed3407,query,detected,junction,1481.0,834.0,2.8650054931640625,7.8014678955078125,2.8650054931640625
39_r_t,G0_seed3407,query,detected,non_vessel,604.0,837.0,18.432907104492188,19.261489868164062,18.432907104492188
39_r_t,G0_seed3407,query,detected,non_vessel,1795.0,843.0,11.874313354492188,30.215835571289062,14.1986083984375
39_r_t,G0_seed3407,query,detected,non_vessel,712.0,848.0,17.639358520507812,19.261489868164062,17.639358520507812
39_r_t,G0_seed3407,query,detected,junction,519.0,850.0,2.8650054931640625,4.2342987060546875,2.8650054931640625
39_r_t,G0_seed3407,query,detected,junction,1555.0,861.0,3.82000732421875,5.0628814697265625,38.235107421875
39_r_t,G0_seed3407,query,detected,junction,850.0,866.0,0.9550018310546875,0.9550018310546875,3.279296875
39_r_t,G0_seed3407,query,detected,non_vessel,1616.0,872.0,46.83012390136719,47.785125732421875,73.11325073242188
39_r_t,G0_seed3407,query,detected,non_vessel,951.0,879.0,56.9345703125,59.67315673828125,56.9345703125
39_r_t,G0_seed3407,query,detected,non_vessel,1714.0,882.0,33.586517333984375,48.99296569824219,35.08222961425781
39_r_t,G0_seed3407,query,detected,non_vessel,1137.0,884.0,24.830047607421875,24.830047607421875,25.405792236328125
39_r_t,G0_seed3407,query,detected,non_vessel,1444.0,884.0,12.57647705078125,14.612899780273438,12.57647705078125
39_r_t,G0_seed3407,query,detected,junction,769.0,888.0,3.279296875,3.279296875,5.189300537109375
39_r_t,G0_seed3407,query,detected,junction,1508.0,899.0,2.3242950439453125,2.73858642578125,4.2342987060546875
39_r_t,G0_seed3407,query,detected,endpoint,999.0,909.0,6.6850128173828125,8.054306030273438,6.6850128173828125
39_r_t,G0_seed3407,query,detected,junction,1231.0,909.0,0.9550018310546875,4.648590087890625,0.9550018310546875
39_r_t,G0_seed3407,query,detected,junction,1380.0,909.0,0.9550018310546875,0.9550018310546875,17.892196655273438
39_r_t,G0_seed3407,query,detected,junction,570.0,915.0,2.73858642578125,2.73858642578125,2.8650054931640625
39_r_t,G0_seed3407,query,detected,junction,2072.0,924.0,0.9550018310546875,0.9550018310546875,4.2342987060546875
39_r_t,G0_seed3407,query,detected,junction,867.0,929.0,1.369293212890625,3.6935882568359375,1.369293212890625
39_r_t,G0_seed3407,query,detected,non_vessel,1552.0,931.0,33.83935546875,35.243682861328125,34.738006591796875
39_r_t,G0_seed3407,query,detected,junction,1869.0,931.0,1.369293212890625,2.3242950439453125,2.3242950439453125
39_r_t,G0_seed3407,query,detected,junction,1663.0,933.0,2.73858642578125,2.73858642578125,9.170761108398438
39_r_t,G0_seed3407,query,detected,junction,688.0,938.0,4.648590087890625,4.648590087890625,9.964309692382812
39_r_t,G0_seed3407,query,detected,non_vessel,1454.0,938.0,12.702896118164062,15.85577392578125,13.278640747070312
39_r_t,G0_seed3407,query,detected,endpoint,739.0,945.0,0.9550018310546875,28.179412841796875,0.9550018310546875
39_r_t,G0_seed3407,query,detected,non_vessel,1130.0,958.0,54.82807922363281,54.82807922363281,58.303863525390625
39_r_t,G0_seed3407,query,detected,junction,1238.0,958.0,3.279296875,3.279296875,10.37860107421875
39_r_t,G0_seed3407,query,detected,junction,1724.0,958.0,0.9550018310546875,3.6935882568359375,3.6935882568359375
39_r_t,G0_seed3407,query,detected,junction,1373.0,963.0,2.8650054931640625,2.8650054931640625,14.325027465820312
39_r_t,G0_seed3407,query,detected,junction,1647.0,967.0,2.3242950439453125,3.82000732421875,19.549362182617188
39_r_t,G0_seed3407,query,detected,junction,543.0,969.0,1.369293212890625,4.107879638671875,9.29718017578125
39_r_t,G0_seed3407,query,detected,junction,837.0,972.0,0.9550018310546875,0.9550018310546875,10.252182006835938
39_r_t,G0_seed3407,query,detected,junction,1525.0,974.0,1.910003662109375,1.910003662109375,6.1443023681640625
39_r_t,G0_seed3407,query,detected,junction,594.0,978.0,0.9550018310546875,3.279296875,5.0628814697265625
39_r_t,G0_seed3407,query,detected,non_vessel,1944.0,978.0,11.207183837890625,15.027191162109375,15.567901611328125
39_r_t,G0_seed3407,query,detected,junction,1015.0,983.0,0.9550018310546875,4.2342987060546875,0.9550018310546875
39_r_t,G0_seed3407,query,detected,junction,688.0,987.0,1.910003662109375,1.910003662109375,4.648590087890625
39_r_t,G0_seed3407,query,detected,junction,749.0,987.0,2.8650054931640625,3.6935882568359375,7.927886962890625
39_r_t,G0_seed3407,query,detected,endpoint,1441.0,987.0,0.0,8.21575927734375,5.189300537109375
39_r_t,G0_seed3407,query,detected,junction,901.0,1001.0,2.8650054931640625,6.01788330078125,2.8650054931640625
39_r_t,G0_seed3407,query,detected,junction,1674.0,1005.0,1.910003662109375,5.189300537109375,2.3242950439453125
39_r_t,G0_seed3407,query,detected,junction,843.0,1010.0,1.369293212890625,1.369293212890625,9.009307861328125
39_r_t,G0_seed3407,query,detected,junction,1167.0,1010.0,2.3242950439453125,2.3242950439453125,5.0628814697265625
39_r_t,G0_seed3407,query,detected,junction,1363.0,1017.0,3.279296875,6.846466064453125,4.107879638671875
39_r_t,G0_seed3407,query,detected,endpoint,1221.0,1021.0,7.387176513671875,10.666473388671875,7.387176513671875
39_r_t,G0_seed3407,query,detected,junction,978.0,1030.0,2.73858642578125,2.73858642578125,2.8650054931640625
39_r_t,G0_seed3407,query,detected,endpoint,2052.0,1030.0,1.369293212890625,8.342178344726562,1.910003662109375
39_r_t,G0_seed3407,query,detected,junction,1036.0,1035.0,2.8650054931640625,2.8650054931640625,4.2342987060546875
39_r_t,G0_seed3407,query,detected,junction,1589.0,1039.0,2.73858642578125,3.82000732421875,11.207183837890625
39_r_t,G0_seed3407,query,detected,junction,637.0,1041.0,0.0,2.73858642578125,1.369293212890625
39_r_t,G0_seed3407,query,detected,vessel_segment,1744.0,1044.0,7.927886962890625,8.882888793945312,10.37860107421875
39_r_t,G0_seed3407,query,detected,junction,1515.0,1046.0,2.3242950439453125,3.6935882568359375,2.3242950439453125
39_r_t,G0_seed3407,query,detected,junction,705.0,1048.0,2.8650054931640625,3.279296875,8.21575927734375
39_r_t,G0_seed3407,query,detected,junction,1660.0,1048.0,1.369293212890625,1.910003662109375,7.387176513671875
39_r_t,G0_seed3407,query,detected,junction,1458.0,1053.0,0.9550018310546875,0.9550018310546875,2.3242950439453125
39_r_t,G0_seed3407,query,detected,junction,553.0,1059.0,1.369293212890625,1.369293212890625,10.540054321289062
39_r_t,G0_seed3407,query,detected,junction,840.0,1068.0,1.910003662109375,1.910003662109375,6.01788330078125
39_r_t,G0_seed3407,query,detected,junction,1285.0,1068.0,0.9550018310546875,0.9550018310546875,0.9550018310546875
39_r_t,G0_seed3407,query,detected,junction,911.0,1077.0,2.8650054931640625,4.2342987060546875,2.8650054931640625
39_r_t,G0_seed3407,query,detected,junction,1819.0,1077.0,0.0,0.0,16.143646240234375
39_r_t,G0_seed3407,query,detected,junction,1100.0,1082.0,3.82000732421875,5.6035919189453125,26.81011962890625
39_r_t,G0_seed3407,query,detected,junction,729.0,1089.0,5.0628814697265625,5.0628814697265625,5.6035919189453125
39_r_t,G0_seed3407,query,detected,junction,978.0,1091.0,2.3242950439453125,6.55859375,2.3242950439453125
39_r_t,G0_seed3407,query,detected,junction,1350.0,1091.0,4.2342987060546875,6.6850128173828125,11.747894287109375
39_r_t,G0_seed3407,query,detected,junction,1609.0,1091.0,3.279296875,4.2342987060546875,3.6935882568359375
39_r_t,G0_seed3407,query,detected,junction,1441.0,1098.0,0.9550018310546875,3.6935882568359375,10.666473388671875
39_r_t,G0_seed3407,query,detected,non_vessel,1542.0,1100.0,9.711471557617188,14.77435302734375,9.711471557617188
39_r_t,G0_seed3407,query,detected,junction,1785.0,1109.0,0.0,0.0,6.9728851318359375
39_r_t,G0_seed3407,query,detected,junction,833.0,1113.0,2.8650054931640625,2.8650054931640625,6.9728851318359375
39_r_t,G0_seed3407,query,detected,junction,1204.0,1113.0,2.3242950439453125,2.3242950439453125,5.189300537109375
39_r_t,G0_seed3407,query,detected,junction,897.0,1120.0,5.189300537109375,6.1443023681640625,5.189300537109375
39_r_t,G0_seed3407,query,detected,junction,982.0,1120.0,0.9550018310546875,0.9550018310546875,11.621475219726562
39_r_t,G0_seed3407,query,detected,junction,1123.0,1122.0,0.9550018310546875,3.279296875,5.0628814697265625
39_r_t,G0_seed3407,query,detected,junction,1859.0,1129.0,0.0,0.0,1.369293212890625
39_r_t,G0_seed3407,query,detected,junction,1380.0,1134.0,1.910003662109375,1.910003662109375,4.648590087890625
39_r_t,G0_seed3407,query,detected,junction,786.0,1136.0,0.9550018310546875,4.107879638671875,0.9550018310546875
39_r_t,G0_seed3407,query,detected,junction,1235.0,1143.0,0.9550018310546875,1.910003662109375,6.55859375
39_r_t,G0_seed3407,query,detected,junction,1501.0,1149.0,4.107879638671875,5.189300537109375,4.7750091552734375
39_r_t,G0_seed3407,query,detected,junction,1140.0,1156.0,1.369293212890625,1.910003662109375,3.279296875
39_r_t,G0_seed3407,query,detected,junction,982.0,1161.0,2.73858642578125,2.8650054931640625,9.009307861328125
39_r_t,G0_seed3407,query,detected,junction,1680.0,1167.0,0.0,3.279296875,0.0
39_r_t,G0_seed3407,query,detected,junction,2004.0,1167.0,0.0,0.0,6.01788330078125
39_r_t,G0_seed3407,query,detected,junction,1896.0,1170.0,5.6035919189453125,6.9728851318359375,5.6035919189453125
39_r_t,G0_seed3407,query,detected,junction,739.0,1172.0,3.6935882568359375,3.6935882568359375,15.3150634765625
39_r_t,G0_seed3407,query,detected,junction,1485.0,1181.0,1.910003662109375,4.107879638671875,3.82000732421875
39_r_t,G0_seed3407,query,detected,junction,651.0,1188.0,1.369293212890625,1.910003662109375,4.648590087890625
39_r_t,G0_seed3407,query,detected,junction,1346.0,1190.0,1.369293212890625,1.369293212890625,2.73858642578125
39_r_t,G0_seed3407,query,detected,junction,1535.0,1194.0,3.6935882568359375,3.6935882568359375,11.333602905273438
39_r_t,G0_seed3407,query,detected,junction,1579.0,1197.0,2.73858642578125,6.4321746826171875,29.766510009765625
39_r_t,G0_seed3407,query,detected,junction,1815.0,1199.0,1.910003662109375,2.73858642578125,1.910003662109375
39_r_t,G0_seed3407,query,detected,junction,1404.0,1203.0,0.9550018310546875,3.279296875,0.9550018310546875
39_r_t,G0_seed3407,query,detected,junction,1198.0,1206.0,0.0,0.0,8.342178344726562
39_r_t,G0_seed3407,query,detected,junction,803.0,1219.0,0.0,0.0,2.3242950439453125
39_r_t,G0_seed3407,query,detected,junction,1012.0,1221.0,0.0,0.0,5.4771728515625
39_r_t,G0_seed3407,query,detected,non_vessel,1636.0,1237.0,46.39451599121094,49.006683349609375,46.39451599121094
39_r_t,G0_seed3407,query,detected,junction,1839.0,1244.0,2.73858642578125,2.73858642578125,4.2342987060546875
39_r_t,G0_seed3407,query,detected,junction,894.0,1248.0,0.0,0.0,21.080108642578125
39_r_t,G0_seed3407,query,detected,junction,1431.0,1248.0,4.107879638671875,4.2342987060546875,4.107879638671875
39_r_t,G0_seed3407,query,detected,junction,1498.0,1248.0,3.279296875,6.4321746826171875,3.279296875
39_r_t,G0_seed3407,query,detected,junction,718.0,1255.0,2.8650054931640625,4.648590087890625,15.153610229492188
39_r_t,G0_seed3407,query,detected,junction,1714.0,1255.0,0.0,0.9550018310546875,0.0
39_r_t,G0_seed3407,query,detected,junction,1957.0,1260.0,0.9550018310546875,0.9550018310546875,4.2342987060546875
39_r_t,G0_seed3407,query,detected,junction,1569.0,1262.0,0.0,0.0,24.289337158203125
39_r_t,G0_seed3407,query,detected,junction,1177.0,1282.0,0.9550018310546875,1.369293212890625,3.279296875
39_r_t,G0_seed3407,query,detected,junction,1265.0,1282.0,1.369293212890625,1.910003662109375,4.7750091552734375
39_r_t,G0_seed3407,query,detected,junction,718.0,1293.0,1.910003662109375,4.648590087890625,22.575820922851562
39_r_t,G0_seed3407,query,detected,junction,1059.0,1296.0,1.910003662109375,4.2342987060546875,1.910003662109375
39_r_t,G0_seed3407,query,detected,junction,958.0,1298.0,0.0,7.8014678955078125,1.369293212890625
39_r_t,G0_seed3407,query,detected,junction,1464.0,1298.0,2.73858642578125,2.73858642578125,10.666473388671875
39_r_t,G0_seed3407,query,detected,endpoint,1576.0,1309.0,3.279296875,10.125762939453125,5.0628814697265625
39_r_t,G0_seed3407,query,detected,junction,1356.0,1320.0,2.3242950439453125,2.3242950439453125,6.846466064453125
39_r_t,G0_seed3407,query,detected,non_vessel,1910.0,1329.0,32.44874572753906,32.863037109375,36.970916748046875
39_r_t,G0_seed3407,query,detected,junction,752.0,1334.0,1.910003662109375,1.910003662109375,2.3242950439453125
39_r_t,G0_seed3407,query,detected,junction,1009.0,1338.0,1.369293212890625,4.648590087890625,12.450057983398438
39_r_t,G0_seed3407,query,detected,non_vessel,685.0,1343.0,49.63877868652344,50.21452331542969,49.63877868652344
39_r_t,G0_seed3407,query,detected,junction,1164.0,1350.0,0.9550018310546875,4.2342987060546875,12.57647705078125
39_r_t,G0_seed3407,query,detected,junction,830.0,1359.0,0.0,0.0,13.69293212890625
39_r_t,G0_seed3407,query,detected,junction,1741.0,1359.0,1.369293212890625,1.369293212890625,6.55859375
39_r_t,G0_seed3407,query,detected,junction,1404.0,1361.0,1.369293212890625,3.279296875,17.098648071289062
39_r_t,G0_seed3407,query,detected,junction,1481.0,1363.0,1.369293212890625,3.279296875,1.369293212890625
39_r_t,G0_seed3407,query,detected,junction,1586.0,1365.0,3.279296875,3.279296875,10.792892456054688
39_r_t,G0_seed3407,query,detected,junction,1262.0,1372.0,1.910003662109375,2.8650054931640625,8.468597412109375
39_r_t,G0_seed3407,query,detected,junction,1744.0,1386.0,0.9550018310546875,6.4321746826171875,0.9550018310546875
39_r_t,G0_seed3407,query,detected,junction,1215.0,1388.0,0.9550018310546875,0.9550018310546875,18.755813598632812
39_r_t,G0_seed3407,query,detected,junction,1323.0,1390.0,0.9550018310546875,4.2342987060546875,2.3242950439453125
39_r_t,G0_seed3407,query,detected,junction,1096.0,1397.0,0.9550018310546875,1.369293212890625,3.6935882568359375
39_r_t,G0_seed3407,query,detected,junction,918.0,1404.0,1.369293212890625,2.8650054931640625,1.910003662109375
39_r_t,G0_seed3407,query,detected,junction,1154.0,1408.0,1.910003662109375,3.279296875,7.09930419921875
39_r_t,G0_seed3407,query,detected,junction,1424.0,1413.0,0.0,0.0,1.369293212890625
39_r_t,G0_seed3407,query,detected,junction,1269.0,1422.0,0.0,1.369293212890625,3.82000732421875
39_r_t,G0_seed3407,query,detected,junction,1589.0,1428.0,3.279296875,3.279296875,11.333602905273438
39_r_t,G0_seed3407,query,detected,junction,1009.0,1446.0,1.910003662109375,5.6035919189453125,1.910003662109375
39_r_t,G0_seed3407,query,detected,junction,1096.0,1449.0,3.279296875,3.279296875,3.279296875
39_r_t,G0_seed3407,query,detected,junction,1350.0,1460.0,2.73858642578125,2.73858642578125,5.189300537109375
39_r_t,G0_seed3407,query,detected,junction,1758.0,1476.0,0.9550018310546875,2.3242950439453125,0.9550018310546875
39_r_t,G0_seed3407,query,detected,non_vessel,978.0,1480.0,21.965042114257812,25.117919921875,21.965042114257812
39_r_t,G0_seed3407,query,detected,non_vessel,833.0,1485.0,10.540054321289062,14.233642578125,14.360061645507812
39_r_t,G0_seed3407,query,detected,non_vessel,1593.0,1485.0,21.080108642578125,22.44940185546875,21.080108642578125
39_r_t,G0_seed3407,query,detected,junction,1090.0,1491.0,0.9550018310546875,1.910003662109375,6.6850128173828125
39_r_t,G0_seed3407,query,detected,junction,1161.0,1491.0,1.910003662109375,1.910003662109375,26.901504516601562
39_r_t,G0_seed3407,query,detected,junction,982.0,1534.0,1.369293212890625,2.3242950439453125,2.3242950439453125
39_r_t,G0_seed3407,query,detected,non_vessel,1579.0,1534.0,39.85723876953125,41.226531982421875,39.85723876953125
39_r_t,G0_seed3407,query,detected,non_vessel,1103.0,1539.0,21.045074462890625,21.045074462890625,22.126495361328125
39_r_t,G0_seed3407,query,detected,junction,1329.0,1539.0,1.369293212890625,1.369293212890625,3.6935882568359375
39_r_t,G0_seed3407,query,detected,junction,1046.0,1541.0,1.910003662109375,2.3242950439453125,2.73858642578125
39_r_t,G0_seed3407,query,detected,non_vessel,1211.0,1548.0,9.29718017578125,12.450057983398438,11.080764770507812
39_r_t,G0_seed3407,query,detected,non_vessel,1066.0,1604.0,18.01861572265625,19.802200317382812,19.67578125
39_r_t,G0_seed3407,refer,detected,non_vessel,708.0,67.0,8.595016479492188,9.29718017578125,14.360061645507812
39_r_t,G0_seed3407,refer,detected,non_vessel,1792.0,67.0,188.70350646972656,190.0727996826172,188.70350646972656
39_r_t,G0_seed3407,refer,detected,non_vessel,1542.0,69.0,66.00022888183594,70.23452758789062,66.00022888183594
39_r_t,G0_seed3407,refer,detected,vessel_segment,955.0,72.0,7.927886962890625,11.080764770507812,9.29718017578125
39_r_t,G0_seed3407,refer,detected,endpoint,1120.0,72.0,1.369293212890625,15.188644409179688,1.369293212890625
39_r_t,G0_seed3407,refer,detected,junction,1265.0,72.0,5.189300537109375,5.4771728515625,5.189300537109375
39_r_t,G0_seed3407,refer,detected,non_vessel,1360.0,83.0,38.2000732421875,38.2000732421875,44.86376953125
39_r_t,G0_seed3407,refer,detected,junction,1063.0,108.0,1.369293212890625,1.369293212890625,6.1443023681640625
39_r_t,G0_seed3407,refer,detected,non_vessel,1555.0,108.0,23.369369506835938,27.603668212890625,23.369369506835938
39_r_t,G0_seed3407,refer,detected,endpoint,1333.0,121.0,4.2342987060546875,8.054306030273438,4.2342987060546875
39_r_t,G0_seed3407,refer,detected,non_vessel,1967.0,132.0,207.5156707763672,218.42738342285156,207.5156707763672
39_r_t,G0_seed3407,refer,detected,junction,1231.0,137.0,0.9550018310546875,0.9550018310546875,9.711471557617188
39_r_t,G0_seed3407,refer,detected,junction,1447.0,139.0,3.6935882568359375,3.6935882568359375,4.648590087890625
39_r_t,G0_seed3407,refer,detected,non_vessel,891.0,141.0,26.901504516601562,29.225799560546875,26.901504516601562
39_r_t,G0_seed3407,refer,detected,non_vessel,1755.0,153.0,91.24456787109375,92.61386108398438,91.24456787109375
39_r_t,G0_seed3407,refer,detected,non_vessel,958.0,157.0,15.3150634765625,16.684356689453125,15.3150634765625
39_r_t,G0_seed3407,refer,detected,junction,1569.0,162.0,1.369293212890625,1.369293212890625,7.927886962890625
39_r_t,G0_seed3407,refer,detected,vessel_segment,1150.0,168.0,7.8014678955078125,17.063613891601562,15.3150634765625
39_r_t,G0_seed3407,refer,detected,non_vessel,1913.0,173.0,145.98886108398438,156.90057373046875,145.98886108398438
39_r_t,G0_seed3407,refer,detected,junction,833.0,175.0,2.3242950439453125,2.3242950439453125,2.3242950439453125
39_r_t,G0_seed3407,refer,detected,non_vessel,1211.0,175.0,20.377944946289062,23.657241821289062,20.377944946289062
39_r_t,G0_seed3407,refer,detected,junction,1431.0,182.0,2.8650054931640625,4.107879638671875,2.8650054931640625
39_r_t,G0_seed3407,refer,detected,junction,1522.0,182.0,0.0,0.0,4.107879638671875
39_r_t,G0_seed3407,refer,detected,non_vessel,2018.0,184.0,178.98443603515625,207.0724639892578,178.98443603515625
39_r_t,G0_seed3407,refer,detected,junction,1063.0,186.0,4.7750091552734375,4.7750091552734375,10.540054321289062
39_r_t,G0_seed3407,refer,detected,non_vessel,1744.0,186.0,55.17230224609375,56.541595458984375,55.17230224609375
39_r_t,G0_seed3407,refer,detected,junction,914.0,189.0,0.0,0.0,2.3242950439453125
39_r_t,G0_seed3407,refer,detected,junction,1012.0,198.0,1.910003662109375,1.910003662109375,9.170761108398438
39_r_t,G0_seed3407,refer,detected,non_vessel,1377.0,202.0,52.398681640625,54.18226623535156,53.803009033203125
39_r_t,G0_seed3407,refer,detected,non_vessel,705.0,207.0,65.43820190429688,66.26678466796875,65.43820190429688
39_r_t,G0_seed3407,refer,detected,junction,830.0,207.0,2.8650054931640625,4.107879638671875,11.621475219726562
39_r_t,G0_seed3407,refer,detected,non_vessel,1738.0,218.0,22.126495361328125,23.49578857421875,22.126495361328125
39_r_t,G0_seed3407,refer,detected,non_vessel,941.0,222.0,23.277984619140625,24.232986450195312,24.773696899414062
39_r_t,G0_seed3407,refer,detected,non_vessel,1910.0,222.0,98.77947998046875,108.86260986328125,98.77947998046875
39_r_t,G0_seed3407,refer,detected,endpoint,1113.0,231.0,5.189300537109375,9.585052490234375,5.189300537109375
39_r_t,G0_seed3407,refer,detected,junction,769.0,234.0,2.73858642578125,3.279296875,3.82000732421875
39_r_t,G0_seed3407,refer,detected,junction,1272.0,234.0,2.73858642578125,4.2342987060546875,2.8650054931640625
39_r_t,G0_seed3407,refer,detected,non_vessel,1427.0,234.0,40.93865966796875,48.325836181640625,40.93865966796875
39_r_t,G0_seed3407,refer,detected,non_vessel,1508.0,245.0,23.081497192382812,24.450790405273438,23.081497192382812
39_r_t,G0_seed3407,refer,detected,junction,850.0,249.0,5.4771728515625,5.4771728515625,20.918655395507812
39_r_t,G0_seed3407,refer,detected,non_vessel,1609.0,249.0,21.838623046875,28.017959594726562,21.838623046875
39_r_t,G0_seed3407,refer,detected,endpoint,1174.0,251.0,3.82000732421875,8.468597412109375,3.82000732421875
39_r_t,G0_seed3407,refer,detected,endpoint,1339.0,267.0,4.648590087890625,8.468597412109375,5.730010986328125
39_r_t,G0_seed3407,refer,detected,junction,1228.0,270.0,1.369293212890625,1.910003662109375,5.189300537109375
39_r_t,G0_seed3407,refer,detected,endpoint,988.0,274.0,3.6935882568359375,11.49505615234375,3.6935882568359375
39_r_t,G0_seed3407,refer,detected,non_vessel,1920.0,274.0,52.4337158203125,76.19606018066406,52.4337158203125
39_r_t,G0_seed3407,refer,detected,non_vessel,1998.0,279.0,102.14256286621094,148.61474609375,102.14256286621094
39_r_t,G0_seed3407,refer,detected,junction,698.0,288.0,2.8650054931640625,6.4321746826171875,6.1443023681640625
39_r_t,G0_seed3407,refer,detected,junction,1508.0,290.0,0.9550018310546875,0.9550018310546875,3.6935882568359375
39_r_t,G0_seed3407,refer,detected,junction,1150.0,297.0,5.0628814697265625,5.0628814697265625,5.0628814697265625
39_r_t,G0_seed3407,refer,detected,junction,644.0,303.0,5.189300537109375,7.6400146484375,6.6850128173828125
39_r_t,G0_seed3407,refer,detected,junction,796.0,306.0,0.0,0.0,2.73858642578125
39_r_t,G0_seed3407,refer,detected,endpoint,1414.0,308.0,5.730010986328125,8.468597412109375,5.730010986328125
39_r_t,G0_seed3407,refer,detected,non_vessel,1724.0,312.0,11.46002197265625,11.747894287109375,11.46002197265625
39_r_t,G0_seed3407,refer,detected,junction,864.0,317.0,3.279296875,7.8014678955078125,3.279296875
39_r_t,G0_seed3407,refer,detected,junction,1350.0,317.0,3.279296875,7.5135955810546875,3.279296875
39_r_t,G0_seed3407,refer,detected,non_vessel,583.0,328.0,10.954345703125,12.323638916015625,18.01861572265625
39_r_t,G0_seed3407,refer,detected,non_vessel,1292.0,333.0,9.009307861328125,9.964309692382812,13.370025634765625
39_r_t,G0_seed3407,refer,detected,non_vessel,1798.0,335.0,45.46083068847656,48.19941711425781,45.46083068847656
39_r_t,G0_seed3407,refer,detected,junction,462.0,337.0,3.6935882568359375,4.648590087890625,7.927886962890625
39_r_t,G0_seed3407,refer,detected,non_vessel,1930.0,339.0,22.702239990234375,64.28671264648438,22.828659057617188
39_r_t,G0_seed3407,refer,detected,non_vessel,681.0,342.0,39.604400634765625,40.97369384765625,39.604400634765625
39_r_t,G0_seed3407,refer,detected,junction,1562.0,342.0,0.9550018310546875,2.3242950439453125,2.3242950439453125
39_r_t,G0_seed3407,refer,detected,junction,513.0,344.0,0.9550018310546875,0.9550018310546875,3.82000732421875
39_r_t,G0_seed3407,refer,detected,junction,1670.0,344.0,0.9550018310546875,0.9550018310546875,10.252182006835938
39_r_t,G0_seed3407,refer,detected,non_vessel,2048.0,344.0,137.4639129638672,146.662109375,137.59033203125
39_r_t,G0_seed3407,refer,detected,junction,1734.0,348.0,3.82000732421875,3.82000732421875,16.108612060546875
39_r_t,G0_seed3407,refer,detected,endpoint,1616.0,351.0,7.387176513671875,10.505020141601562,7.387176513671875
39_r_t,G0_seed3407,refer,detected,junction,1049.0,355.0,4.107879638671875,4.107879638671875,5.189300537109375
39_r_t,G0_seed3407,refer,detected,endpoint,1410.0,355.0,6.846466064453125,8.882888793945312,6.846466064453125
39_r_t,G0_seed3407,refer,detected,junction,897.0,357.0,3.6935882568359375,3.6935882568359375,5.0628814697265625
39_r_t,G0_seed3407,refer,detected,junction,769.0,362.0,0.9550018310546875,3.82000732421875,4.648590087890625
39_r_t,G0_seed3407,refer,detected,non_vessel,850.0,364.0,44.8988037109375,45.43951416015625,44.8988037109375
39_r_t,G0_seed3407,refer,detected,non_vessel,1522.0,373.0,21.90869140625,22.863693237304688,23.116531372070312
39_r_t,G0_seed3407,refer,detected,junction,560.0,375.0,1.910003662109375,1.910003662109375,2.8650054931640625
39_r_t,G0_seed3407,refer,detected,non_vessel,2136.0,382.0,109.193115234375,113.39237976074219,109.193115234375
39_r_t,G0_seed3407,refer,detected,junction,1356.0,396.0,0.9550018310546875,1.910003662109375,5.189300537109375
39_r_t,G0_seed3407,refer,detected,endpoint,661.0,398.0,3.6935882568359375,10.37860107421875,6.01788330078125
39_r_t,G0_seed3407,refer,detected,junction,1015.0,402.0,3.82000732421875,3.82000732421875,8.054306030273438
39_r_t,G0_seed3407,refer,detected,junction,1130.0,402.0,0.0,1.369293212890625,0.0
39_r_t,G0_seed3407,refer,detected,non_vessel,756.0,409.0,11.49505615234375,12.57647705078125,11.49505615234375
39_r_t,G0_seed3407,refer,detected,junction,1623.0,409.0,0.9550018310546875,0.9550018310546875,3.82000732421875
39_r_t,G0_seed3407,refer,detected,junction,1316.0,411.0,2.73858642578125,3.6935882568359375,2.8650054931640625
39_r_t,G0_seed3407,refer,detected,non_vessel,887.0,416.0,21.010040283203125,22.37933349609375,21.29791259765625
39_r_t,G0_seed3407,refer,detected,non_vessel,1940.0,420.0,44.44947814941406,50.88165283203125,44.44947814941406
39_r_t,G0_seed3407,refer,detected,junction,577.0,423.0,2.73858642578125,2.73858642578125,8.595016479492188
39_r_t,G0_seed3407,refer,detected,junction,961.0,425.0,1.369293212890625,1.369293212890625,7.6400146484375
39_r_t,G0_seed3407,refer,detected,junction,1211.0,425.0,1.369293212890625,1.369293212890625,1.369293212890625
39_r_t,G0_seed3407,refer,detected,junction,1407.0,425.0,1.910003662109375,2.3242950439453125,6.1443023681640625
39_r_t,G0_seed3407,refer,detected,non_vessel,1083.0,427.0,14.612899780273438,16.522903442382812,14.612899780273438
39_r_t,G0_seed3407,refer,detected,junction,1515.0,427.0,0.0,0.0,5.189300537109375
39_r_t,G0_seed3407,refer,detected,non_vessel,2045.0,427.0,86.378173828125,88.17547607421875,86.378173828125
39_r_t,G0_seed3407,refer,detected,junction,486.0,449.0,3.6935882568359375,7.927886962890625,3.6935882568359375
39_r_t,G0_seed3407,refer,detected,junction,772.0,449.0,0.9550018310546875,4.107879638671875,3.6935882568359375
39_r_t,G0_seed3407,refer,detected,non_vessel,2109.0,449.0,56.39385986328125,60.59312438964844,56.39385986328125
39_r_t,G0_seed3407,refer,detected,non_vessel,1876.0,456.0,22.9200439453125,33.71293640136719,22.9200439453125
39_r_t,G0_seed3407,refer,detected,junction,1552.0,459.0,1.369293212890625,1.369293212890625,2.3242950439453125
39_r_t,G0_seed3407,refer,detected,junction,847.0,461.0,1.369293212890625,2.73858642578125,3.279296875
39_r_t,G0_seed3407,refer,detected,non_vessel,2190.0,461.0,54.86311340332031,63.4931640625,54.86311340332031
39_r_t,G0_seed3407,refer,detected,junction,1211.0,463.0,2.8650054931640625,3.6935882568359375,4.2342987060546875
39_r_t,G0_seed3407,refer,detected,non_vessel,1319.0,463.0,19.549362182617188,23.783660888671875,19.549362182617188
39_r_t,G0_seed3407,refer,detected,junction,718.0,468.0,1.369293212890625,2.73858642578125,1.369293212890625
39_r_t,G0_seed3407,refer,detected,non_vessel,1744.0,472.0,14.77435302734375,16.143646240234375,14.77435302734375
39_r_t,G0_seed3407,refer,detected,junction,1663.0,474.0,0.0,2.3242950439453125,15.567901611328125
39_r_t,G0_seed3407,refer,detected,non_vessel,941.0,476.0,34.9908447265625,43.36805725097656,34.9908447265625
39_r_t,G0_seed3407,refer,detected,non_vessel,2014.0,479.0,35.53155517578125,36.900848388671875,35.53155517578125
39_r_t,G0_seed3407,refer,detected,junction,1414.0,483.0,1.369293212890625,5.0628814697265625,1.369293212890625
39_r_t,G0_seed3407,refer,detected,junction,783.0,488.0,1.369293212890625,2.3242950439453125,6.846466064453125
39_r_t,G0_seed3407,refer,detected,non_vessel,1944.0,492.0,18.145034790039062,18.145034790039062,18.847198486328125
39_r_t,G0_seed3407,refer,detected,junction,1120.0,495.0,2.8650054931640625,3.6935882568359375,4.648590087890625
39_r_t,G0_seed3407,refer,detected,non_vessel,556.0,497.0,54.82807922363281,57.152374267578125,56.611663818359375
39_r_t,G0_seed3407,refer,detected,junction,1191.0,497.0,1.369293212890625,1.369293212890625,10.540054321289062
39_r_t,G0_seed3407,refer,detected,junction,1242.0,501.0,0.9550018310546875,1.910003662109375,0.9550018310546875
39_r_t,G0_seed3407,refer,detected,junction,702.0,503.0,0.0,1.369293212890625,0.0
39_r_t,G0_seed3407,refer,detected,non_vessel,2025.0,510.0,23.53082275390625,25.026535034179688,23.53082275390625
39_r_t,G0_seed3407,refer,detected,junction,864.0,513.0,6.9728851318359375,7.8014678955078125,6.9728851318359375
39_r_t,G0_seed3407,refer,detected,junction,1474.0,513.0,1.369293212890625,1.910003662109375,1.369293212890625
39_r_t,G0_seed3407,refer,detected,junction,2126.0,517.0,0.9550018310546875,0.9550018310546875,15.602935791015625
39_r_t,G0_seed3407,refer,detected,junction,1326.0,519.0,4.648590087890625,6.01788330078125,4.648590087890625
39_r_t,G0_seed3407,refer,detected,junction,1373.0,528.0,0.9550018310546875,2.8650054931640625,8.882888793945312
39_r_t,G0_seed3407,refer,detected,junction,1545.0,528.0,2.73858642578125,5.189300537109375,3.6935882568359375
39_r_t,G0_seed3407,refer,detected,non_vessel,367.0,531.0,64.75735473632812,65.17164611816406,80.07241821289062
39_r_t,G0_seed3407,refer,detected,junction,816.0,533.0,0.0,1.369293212890625,4.2342987060546875
39_r_t,G0_seed3407,refer,detected,non_vessel,1775.0,533.0,11.080764770507812,12.450057983398438,13.69293212890625
39_r_t,G0_seed3407,refer,detected,junction,1863.0,533.0,1.369293212890625,4.2342987060546875,3.6935882568359375
39_r_t,G0_seed3407,refer,detected,non_vessel,509.0,540.0,15.982192993164062,16.108612060546875,15.982192993164062
39_r_t,G0_seed3407,refer,detected,junction,1073.0,542.0,0.9550018310546875,4.2342987060546875,0.9550018310546875
39_r_t,G0_seed3407,refer,detected,junction,1012.0,546.0,3.82000732421875,5.0628814697265625,3.82000732421875
39_r_t,G0_seed3407,refer,detected,junction,1420.0,546.0,4.107879638671875,6.55859375,6.55859375
39_r_t,G0_seed3407,refer,detected,non_vessel,1927.0,546.0,12.57647705078125,13.531478881835938,14.612899780273438
39_r_t,G0_seed3407,refer,detected,non_vessel,1707.0,549.0,16.557937622070312,17.927230834960938,16.557937622070312
39_r_t,G0_seed3407,refer,detected,junction,702.0,553.0,3.6935882568359375,5.0628814697265625,3.6935882568359375
39_r_t,G0_seed3407,refer,detected,junction,2021.0,553.0,1.910003662109375,1.910003662109375,6.55859375
39_r_t,G0_seed3407,refer,detected,junction,1265.0,555.0,2.8650054931640625,2.8650054931640625,5.730010986328125
39_r_t,G0_seed3407,refer,detected,junction,2095.0,560.0,0.0,0.9550018310546875,3.6935882568359375
39_r_t,G0_seed3407,refer,detected,junction,1643.0,564.0,1.369293212890625,1.369293212890625,3.279296875
39_r_t,G0_seed3407,refer,detected,junction,600.0,569.0,2.8650054931640625,4.2342987060546875,3.6935882568359375
39_r_t,G0_seed3407,refer,detected,endpoint,465.0,571.0,5.0628814697265625,11.080764770507812,5.0628814697265625
39_r_t,G0_seed3407,refer,detected,junction,1599.0,571.0,0.0,2.73858642578125,7.927886962890625
39_r_t,G0_seed3407,refer,detected,non_vessel,1788.0,571.0,33.42506408691406,34.25364685058594,34.25364685058594
39_r_t,G0_seed3407,refer,detected,junction,1188.0,578.0,1.910003662109375,2.73858642578125,7.927886962890625
39_r_t,G0_seed3407,refer,detected,junction,1495.0,580.0,0.9550018310546875,0.9550018310546875,0.9550018310546875
39_r_t,G0_seed3407,refer,detected,non_vessel,1100.0,585.0,9.550018310546875,12.702896118164062,9.550018310546875
39_r_t,G0_seed3407,refer,detected,junction,924.0,587.0,1.369293212890625,3.279296875,1.910003662109375
39_r_t,G0_seed3407,refer,detected,junction,999.0,587.0,1.369293212890625,1.369293212890625,6.1443023681640625
39_r_t,G0_seed3407,refer,detected,non_vessel,688.0,596.0,25.532211303710938,26.072921752929688,25.532211303710938
39_r_t,G0_seed3407,refer,detected,junction,1238.0,600.0,1.369293212890625,1.369293212890625,11.874313354492188
39_r_t,G0_seed3407,refer,detected,non_vessel,1363.0,600.0,16.143646240234375,19.422943115234375,16.4315185546875
39_r_t,G0_seed3407,refer,detected,junction,1923.0,600.0,0.9550018310546875,0.9550018310546875,3.82000732421875
39_r_t,G0_seed3407,refer,detected,endpoint,1431.0,603.0,7.387176513671875,8.7564697265625,7.387176513671875
39_r_t,G0_seed3407,refer,detected,junction,1674.0,603.0,1.369293212890625,1.369293212890625,4.2342987060546875
39_r_t,G0_seed3407,refer,detected,junction,516.0,605.0,0.0,1.369293212890625,6.4321746826171875
39_r_t,G0_seed3407,refer,detected,non_vessel,1576.0,609.0,16.108612060546875,16.649322509765625,16.108612060546875
39_r_t,G0_seed3407,refer,detected,junction,786.0,612.0,0.9550018310546875,0.9550018310546875,3.82000732421875
39_r_t,G0_seed3407,refer,detected,junction,1137.0,614.0,0.9550018310546875,4.107879638671875,6.55859375
39_r_t,G0_seed3407,refer,detected,non_vessel,388.0,616.0,21.585784912109375,24.324371337890625,21.585784912109375
39_r_t,G0_seed3407,refer,detected,non_vessel,1805.0,625.0,14.325027465820312,15.694320678710938,14.325027465820312
39_r_t,G0_seed3407,refer,detected,junction,1741.0,630.0,0.9550018310546875,3.6935882568359375,2.3242950439453125
39_r_t,G0_seed3407,refer,detected,non_vessel,2143.0,630.0,42.82734680175781,45.151641845703125,45.02522277832031
39_r_t,G0_seed3407,refer,detected,junction,1927.0,636.0,2.3242950439453125,4.7750091552734375,3.279296875
39_r_t,G0_seed3407,refer,detected,non_vessel,472.0,639.0,23.657241821289062,24.61224365234375,31.999420166015625
39_r_t,G0_seed3407,refer,detected,junction,688.0,639.0,1.910003662109375,2.73858642578125,1.910003662109375
39_r_t,G0_seed3407,refer,detected,junction,1319.0,652.0,2.3242950439453125,2.73858642578125,4.2342987060546875
39_r_t,G0_seed3407,refer,detected,junction,1643.0,652.0,0.9550018310546875,0.9550018310546875,4.2342987060546875
39_r_t,G0_seed3407,refer,detected,junction,2038.0,652.0,1.369293212890625,3.279296875,8.054306030273438
39_r_t,G0_seed3407,refer,detected,junction,945.0,654.0,1.910003662109375,5.189300537109375,4.648590087890625
39_r_t,G0_seed3407,refer,detected,non_vessel,1812.0,654.0,11.207183837890625,14.900772094726562,11.909347534179688
39_r_t,G0_seed3407,refer,detected,junction,398.0,657.0,4.648590087890625,4.648590087890625,6.9728851318359375
39_r_t,G0_seed3407,refer,detected,junction,1026.0,668.0,2.3242950439453125,2.3242950439453125,6.6850128173828125
39_r_t,G0_seed3407,refer,detected,non_vessel,1501.0,672.0,31.20587158203125,31.20587158203125,31.620162963867188
39_r_t,G0_seed3407,refer,detected,junction,1920.0,675.0,2.8650054931640625,2.8650054931640625,7.927886962890625
39_r_t,G0_seed3407,refer,detected,junction,610.0,681.0,5.0628814697265625,6.01788330078125,7.927886962890625
39_r_t,G0_seed3407,refer,detected,junction,1242.0,684.0,0.9550018310546875,0.9550018310546875,16.93719482421875
39_r_t,G0_seed3407,refer,detected,junction,1758.0,684.0,2.3242950439453125,2.3242950439453125,5.189300537109375
39_r_t,G0_seed3407,refer,detected,junction,799.0,686.0,4.648590087890625,6.01788330078125,4.648590087890625
39_r_t,G0_seed3407,refer,detected,non_vessel,1080.0,686.0,18.341522216796875,19.17010498046875,18.341522216796875
39_r_t,G0_seed3407,refer,detected,non_vessel,435.0,690.0,8.342178344726562,18.306488037109375,8.342178344726562
39_r_t,G0_seed3407,refer,detected,non_vessel,2062.0,690.0,27.695053100585938,29.064346313476562,27.695053100585938
39_r_t,G0_seed3407,refer,detected,junction,1161.0,693.0,3.279296875,3.279296875,4.648590087890625
39_r_t,G0_seed3407,refer,detected,junction,712.0,695.0,2.73858642578125,2.73858642578125,8.21575927734375
39_r_t,G0_seed3407,refer,detected,junction,1684.0,695.0,1.369293212890625,1.369293212890625,3.82000732421875
39_r_t,G0_seed3407,refer,detected,junction,1390.0,697.0,0.9550018310546875,0.9550018310546875,2.8650054931640625
39_r_t,G0_seed3407,refer,detected,junction,901.0,713.0,1.369293212890625,7.387176513671875,1.910003662109375
39_r_t,G0_seed3407,refer,detected,junction,799.0,720.0,3.82000732421875,3.82000732421875,5.6035919189453125
39_r_t,G0_seed3407,refer,detected,junction,985.0,720.0,4.648590087890625,4.7750091552734375,4.648590087890625
39_r_t,G0_seed3407,refer,detected,non_vessel,1566.0,720.0,20.25152587890625,20.665817260742188,22.44940185546875
39_r_t,G0_seed3407,refer,detected,junction,1289.0,729.0,3.6935882568359375,3.6935882568359375,6.55859375
39_r_t,G0_seed3407,refer,detected,junction,1464.0,731.0,0.9550018310546875,0.9550018310546875,16.522903442382812
39_r_t,G0_seed3407,refer,detected,junction,1363.0,733.0,1.369293212890625,1.369293212890625,11.874313354492188
39_r_t,G0_seed3407,refer,detected,non_vessel,553.0,735.0,14.647933959960938,20.125106811523438,14.647933959960938
39_r_t,G0_seed3407,refer,detected,non_vessel,1714.0,740.0,10.666473388671875,12.0357666015625,10.666473388671875
39_r_t,G0_seed3407,refer,detected,non_vessel,442.0,742.0,42.82734680175781,42.82734680175781,43.40309143066406
39_r_t,G0_seed3407,refer,detected,junction,1100.0,747.0,1.369293212890625,3.82000732421875,14.647933959960938
39_r_t,G0_seed3407,refer,detected,junction,1215.0,747.0,2.3242950439453125,3.279296875,2.3242950439453125
39_r_t,G0_seed3407,refer,detected,junction,1532.0,749.0,1.910003662109375,2.3242950439453125,3.6935882568359375
39_r_t,G0_seed3407,refer,detected,junction,1778.0,751.0,2.73858642578125,4.648590087890625,4.7750091552734375
39_r_t,G0_seed3407,refer,detected,junction,945.0,756.0,0.9550018310546875,2.3242950439453125,5.6035919189453125
39_r_t,G0_seed3407,refer,detected,junction,1616.0,756.0,0.9550018310546875,0.9550018310546875,0.9550018310546875
39_r_t,G0_seed3407,refer,detected,junction,2149.0,756.0,2.3242950439453125,2.8650054931640625,18.341522216796875
39_r_t,G0_seed3407,refer,detected,non_vessel,1974.0,758.0,11.874313354492188,14.1986083984375,11.874313354492188
39_r_t,G0_seed3407,refer,detected,junction,691.0,762.0,5.189300537109375,6.1443023681640625,8.054306030273438
39_r_t,G0_seed3407,refer,detected,non_vessel,1839.0,762.0,50.90296936035156,51.3172607421875,50.90296936035156
39_r_t,G0_seed3407,refer,detected,junction,870.0,767.0,0.9550018310546875,2.3242950439453125,0.9550018310546875
39_r_t,G0_seed3407,refer,detected,non_vessel,1333.0,769.0,25.532211303710938,28.017959594726562,26.1993408203125
39_r_t,G0_seed3407,refer,detected,junction,1069.0,778.0,2.73858642578125,4.7750091552734375,2.73858642578125
39_r_t,G0_seed3407,refer,detected,junction,1893.0,778.0,2.73858642578125,2.73858642578125,2.8650054931640625
39_r_t,G0_seed3407,refer,detected,non_vessel,1798.0,780.0,17.800811767578125,32.540130615234375,17.800811767578125
39_r_t,G0_seed3407,refer,detected,non_vessel,486.0,787.0,14.1986083984375,14.325027465820312,14.1986083984375
39_r_t,G0_seed3407,refer,detected,junction,1657.0,787.0,2.3242950439453125,2.3242950439453125,6.55859375
39_r_t,G0_seed3407,refer,detected,junction,1157.0,792.0,3.6935882568359375,3.6935882568359375,5.730010986328125
39_r_t,G0_seed3407,refer,detected,junction,1566.0,792.0,0.9550018310546875,0.9550018310546875,11.874313354492188
39_r_t,G0_seed3407,refer,detected,junction,1397.0,798.0,0.9550018310546875,0.9550018310546875,0.9550018310546875
39_r_t,G0_seed3407,refer,detected,vessel_segment,833.0,803.0,7.5135955810546875,8.882888793945312,10.792892456054688
39_r_t,G0_seed3407,refer,detected,junction,1478.0,803.0,1.910003662109375,1.910003662109375,23.334335327148438
39_r_t,G0_seed3407,refer,detected,junction,2085.0,803.0,0.0,3.279296875,0.0
39_r_t,G0_seed3407,refer,detected,non_vessel,425.0,805.0,36.70436096191406,37.24507141113281,36.70436096191406
39_r_t,G0_seed3407,refer,detected,non_vessel,310.0,807.0,126.35423278808594,128.1378173828125,126.35423278808594
39_r_t,G0_seed3407,refer,detected,junction,1717.0,810.0,0.0,0.0,10.9193115234375
39_r_t,G0_seed3407,refer,detected,non_vessel,1626.0,814.0,15.982192993164062,16.396484375,22.828659057617188
39_r_t,G0_seed3407,refer,detected,non_vessel,1876.0,819.0,10.540054321289062,13.531478881835938,10.540054321289062
39_r_t,G0_seed3407,refer,detected,junction,2176.0,819.0,0.9550018310546875,2.3242950439453125,1.369293212890625
39_r_t,G0_seed3407,refer,detected,non_vessel,762.0,821.0,40.685821533203125,42.72224426269531,41.89366149902344
39_r_t,G0_seed3407,refer,detected,junction,1215.0,821.0,2.3242950439453125,4.7750091552734375,2.3242950439453125
39_r_t,G0_seed3407,refer,detected,junction,1130.0,825.0,2.73858642578125,2.73858642578125,3.279296875
39_r_t,G0_seed3407,refer,detected,junction,1282.0,825.0,4.648590087890625,5.189300537109375,9.550018310546875
39_r_t,G0_seed3407,refer,detected,endpoint,651.0,830.0,1.910003662109375,10.505020141601562,1.910003662109375
39_r_t,G0_seed3407,refer,detected,non_vessel,826.0,832.0,9.423599243164062,9.837890625,9.550018310546875
39_r_t,G0_seed3407,refer,detected,junction,1029.0,839.0,3.82000732421875,3.82000732421875,13.784317016601562
39_r_t,G0_seed3407,refer,detected,non_vessel,378.0,848.0,91.7852783203125,91.91169738769531,91.7852783203125
39_r_t,G0_seed3407,refer,detected,junction,1515.0,850.0,1.910003662109375,1.910003662109375,9.170761108398438
39_r_t,G0_seed3407,refer,detected,junction,1910.0,850.0,2.73858642578125,2.8650054931640625,14.072189331054688
39_r_t,G0_seed3407,refer,detected,non_vessel,1424.0,852.0,11.207183837890625,12.57647705078125,24.773696899414062
39_r_t,G0_seed3407,refer,detected,junction,469.0,861.0,2.3242950439453125,4.107879638671875,10.505020141601562
39_r_t,G0_seed3407,refer,detected,non_vessel,1734.0,864.0,47.08296203613281,52.56013488769531,51.19084167480469
39_r_t,G0_seed3407,refer,detected,non_vessel,1971.0,870.0,12.57647705078125,13.531478881835938,35.819427490234375
39_r_t,G0_seed3407,refer,detected,junction,1228.0,872.0,0.0,0.0,1.910003662109375
39_r_t,G0_seed3407,refer,detected,junction,1343.0,884.0,0.0,0.0,6.9728851318359375
39_r_t,G0_seed3407,refer,detected,non_vessel,749.0,886.0,71.28091430664062,72.65020751953125,82.70590209960938
39_r_t,G0_seed3407,refer,detected,junction,2136.0,886.0,0.9550018310546875,3.6935882568359375,8.054306030273438
39_r_t,G0_seed3407,refer,detected,non_vessel,381.0,888.0,76.97589111328125,78.31015014648438,88.470947265625
39_r_t,G0_seed3407,refer,detected,junction,2079.0,888.0,0.0,0.0,3.6935882568359375
39_r_t,G0_seed3407,refer,detected,junction,1434.0,891.0,2.3242950439453125,2.3242950439453125,5.0628814697265625
39_r_t,G0_seed3407,refer,detected,non_vessel,1768.0,893.0,88.86392211914062,94.34109497070312,92.9718017578125
39_r_t,G0_seed3407,refer,detected,junction,654.0,897.0,0.0,3.6935882568359375,0.0
39_r_t,G0_seed3407,refer,detected,junction,563.0,902.0,1.369293212890625,1.910003662109375,1.910003662109375
39_r_t,G0_seed3407,refer,detected,non_vessel,1836.0,911.0,66.47087097167969,67.7137451171875,66.47087097167969
39_r_t,G0_seed3407,refer,detected,endpoint,1900.0,911.0,6.9728851318359375,9.837890625,6.9728851318359375
39_r_t,G0_seed3407,refer,detected,non_vessel,462.0,913.0,8.595016479492188,9.550018310546875,38.77581787109375
39_r_t,G0_seed3407,refer,detected,non_vessel,1981.0,920.0,36.970916748046875,51.134490966796875,38.14372253417969
39_r_t,G0_seed3407,refer,detected,non_vessel,1593.0,931.0,42.28663635253906,45.43951416015625,42.28663635253906
39_r_t,G0_seed3407,refer,detected,junction,543.0,936.0,0.0,0.0,5.730010986328125
39_r_t,G0_seed3407,refer,detected,non_vessel,1437.0,936.0,20.918655395507812,21.171493530273438,20.918655395507812
39_r_t,G0_seed3407,refer,detected,non_vessel,1782.0,940.0,85.85118103027344,85.85118103027344,86.93260192871094
39_r_t,G0_seed3407,refer,detected,non_vessel,1903.0,940.0,20.090072631835938,21.459365844726562,20.090072631835938
39_r_t,G0_seed3407,refer,detected,junction,1150.0,942.0,1.910003662109375,2.3242950439453125,6.9728851318359375
39_r_t,G0_seed3407,refer,detected,junction,1353.0,945.0,0.9550018310546875,4.648590087890625,0.9550018310546875
39_r_t,G0_seed3407,refer,detected,non_vessel,415.0,947.0,42.342987060546875,45.20799255371094,42.5958251953125
39_r_t,G0_seed3407,refer,detected,junction,2109.0,949.0,0.9550018310546875,4.7750091552734375,1.910003662109375
39_r_t,G0_seed3407,refer,detected,non_vessel,955.0,953.0,116.92451477050781,117.46522521972656,116.92451477050781
39_r_t,G0_seed3407,refer,detected,endpoint,1964.0,953.0,1.369293212890625,39.19010925292969,2.3242950439453125
39_r_t,G0_seed3407,refer,detected,junction,786.0,965.0,1.369293212890625,1.369293212890625,5.4771728515625
39_r_t,G0_seed3407,refer,detected,junction,1630.0,965.0,1.910003662109375,5.6035919189453125,1.910003662109375
39_r_t,G0_seed3407,refer,detected,junction,1228.0,974.0,1.369293212890625,1.369293212890625,10.9193115234375
39_r_t,G0_seed3407,refer,detected,junction,1275.0,980.0,0.9550018310546875,2.3242950439453125,0.9550018310546875
39_r_t,G0_seed3407,refer,detected,junction,2041.0,983.0,0.9550018310546875,0.9550018310546875,7.09930419921875
39_r_t,G0_seed3407,refer,detected,junction,526.0,990.0,0.9550018310546875,3.6935882568359375,6.55859375
39_r_t,G0_seed3407,refer,detected,non_vessel,2156.0,990.0,55.31243896484375,55.72673034667969,55.8531494140625
39_r_t,G0_seed3407,refer,detected,non_vessel,398.0,994.0,69.76388549804688,72.214599609375,72.46743774414062
39_r_t,G0_seed3407,refer,detected,non_vessel,1100.0,996.0,53.908111572265625,68.01533508300781,53.908111572265625
39_r_t,G0_seed3407,refer,detected,junction,1420.0,1005.0,1.369293212890625,1.369293212890625,9.009307861328125
39_r_t,G0_seed3407,refer,detected,non_vessel,1859.0,1005.0,60.81092834472656,63.135223388671875,82.41043090820312
39_r_t,G0_seed3407,refer,detected,junction,1731.0,1007.0,1.910003662109375,1.910003662109375,3.279296875
39_r_t,G0_seed3407,refer,detected,junction,526.0,1023.0,0.0,0.0,29.134414672851562
39_r_t,G0_seed3407,refer,detected,non_vessel,752.0,1028.0,33.49513244628906,34.45013427734375,41.13514709472656
39_r_t,G0_seed3407,refer,detected,junction,1468.0,1028.0,1.910003662109375,1.910003662109375,4.2342987060546875
39_r_t,G0_seed3407,refer,detected,non_vessel,2166.0,1028.0,62.57319641113281,62.98748779296875,69.63746643066406
39_r_t,G0_seed3407,refer,detected,junction,820.0,1030.0,2.8650054931640625,4.7750091552734375,2.8650054931640625
39_r_t,G0_seed3407,refer,detected,non_vessel,384.0,1041.0,99.89593505859375,109.38200378417969,106.93128967285156
39_r_t,G0_seed3407,refer,detected,junction,1302.0,1044.0,2.3242950439453125,3.279296875,3.6935882568359375
39_r_t,G0_seed3407,refer,detected,non_vessel,681.0,1048.0,63.26164245605469,63.675933837890625,63.80235290527344
39_r_t,G0_seed3407,refer,detected,junction,529.0,1055.0,1.910003662109375,1.910003662109375,18.145034790039062
39_r_t,G0_seed3407,refer,detected,non_vessel,1836.0,1055.0,36.0372314453125,38.36152648925781,36.0372314453125
39_r_t,G0_seed3407,refer,detected,junction,1059.0,1057.0,2.3242950439453125,3.6935882568359375,2.3242950439453125
39_r_t,G0_seed3407,refer,detected,junction,1410.0,1057.0,1.369293212890625,2.3242950439453125,13.531478881835938
39_r_t,G0_seed3407,refer,detected,junction,1711.0,1057.0,3.279296875,3.82000732421875,12.829315185546875
39_r_t,G0_seed3407,refer,detected,junction,1562.0,1059.0,0.0,0.0,17.639358520507812
39_r_t,G0_seed3407,refer,detected,junction,1154.0,1062.0,2.73858642578125,4.107879638671875,2.73858642578125
39_r_t,G0_seed3407,refer,detected,junction,1758.0,1062.0,1.910003662109375,1.910003662109375,5.0628814697265625
39_r_t,G0_seed3407,refer,detected,junction,816.0,1068.0,0.0,0.0,7.927886962890625
39_r_t,G0_seed3407,refer,detected,non_vessel,975.0,1073.0,17.927230834960938,19.837234497070312,17.927230834960938
39_r_t,G0_seed3407,refer,detected,non_vessel,1647.0,1073.0,21.620819091796875,22.9901123046875,55.31243896484375
39_r_t,G0_seed3407,refer,detected,junction,2122.0,1073.0,1.369293212890625,2.3242950439453125,13.945770263671875
39_r_t,G0_seed3407,refer,detected,junction,739.0,1075.0,0.9550018310546875,1.910003662109375,9.009307861328125
39_r_t,G0_seed3407,refer,detected,junction,486.0,1077.0,4.2342987060546875,5.6035919189453125,4.2342987060546875
39_r_t,G0_seed3407,refer,detected,junction,1883.0,1077.0,0.9550018310546875,0.9550018310546875,9.170761108398438
39_r_t,G0_seed3407,refer,detected,junction,604.0,1084.0,1.369293212890625,1.369293212890625,9.29718017578125
39_r_t,G0_seed3407,refer,detected,non_vessel,334.0,1086.0,152.29461669921875,152.8353271484375,152.29461669921875
39_r_t,G0_seed3407,refer,detected,junction,1461.0,1086.0,1.369293212890625,3.279296875,1.910003662109375
39_r_t,G0_seed3407,refer,detected,junction,1157.0,1091.0,0.9550018310546875,1.369293212890625,6.01788330078125
39_r_t,G0_seed3407,refer,detected,junction,1225.0,1091.0,3.6935882568359375,4.648590087890625,3.6935882568359375
39_r_t,G0_seed3407,refer,detected,non_vessel,1960.0,1091.0,35.60162353515625,38.052337646484375,36.68304443359375
39_r_t,G0_seed3407,refer,detected,junction,1063.0,1109.0,3.279296875,3.279296875,40.81224060058594
39_r_t,G0_seed3407,refer,detected,junction,543.0,1111.0,1.910003662109375,2.3242950439453125,5.730010986328125
39_r_t,G0_seed3407,refer,detected,junction,789.0,1111.0,0.0,0.0,9.29718017578125
39_r_t,G0_seed3407,refer,detected,non_vessel,1913.0,1113.0,28.46728515625,28.46728515625,29.962997436523438
39_r_t,G0_seed3407,refer,detected,junction,735.0,1118.0,1.910003662109375,1.910003662109375,14.233642578125
39_r_t,G0_seed3407,refer,detected,junction,1184.0,1120.0,2.73858642578125,2.73858642578125,7.387176513671875
39_r_t,G0_seed3407,refer,detected,junction,1599.0,1122.0,1.369293212890625,2.3242950439453125,8.468597412109375
39_r_t,G0_seed3407,refer,detected,junction,1984.0,1122.0,0.9550018310546875,0.9550018310546875,2.8650054931640625
39_r_t,G0_seed3407,refer,detected,junction,938.0,1125.0,0.9550018310546875,4.7750091552734375,1.910003662109375
39_r_t,G0_seed3407,refer,detected,non_vessel,351.0,1127.0,150.43336486816406,151.8026580810547,150.43336486816406
39_r_t,G0_seed3407,refer,detected,non_vessel,1809.0,1127.0,22.41436767578125,24.738662719726562,25.279373168945312
39_r_t,G0_seed3407,refer,detected,non_vessel,1650.0,1131.0,14.73931884765625,15.280029296875,14.73931884765625
39_r_t,G0_seed3407,refer,detected,junction,995.0,1134.0,2.3242950439453125,2.3242950439453125,6.1443023681640625
39_r_t,G0_seed3407,refer,detected,endpoint,1323.0,1140.0,7.6400146484375,35.49652099609375,7.927886962890625
39_r_t,G0_seed3407,refer,detected,junction,1505.0,1143.0,2.73858642578125,3.279296875,2.8650054931640625
39_r_t,G0_seed3407,refer,detected,non_vessel,2116.0,1143.0,58.128692626953125,58.128692626953125,58.61305236816406
39_r_t,G0_seed3407,refer,detected,junction,560.0,1149.0,0.0,0.0,3.6935882568359375
39_r_t,G0_seed3407,refer,detected,junction,725.0,1149.0,2.8650054931640625,2.8650054931640625,4.2342987060546875
39_r_t,G0_seed3407,refer,detected,junction,1110.0,1149.0,2.3242950439453125,2.8650054931640625,2.3242950439453125
39_r_t,G0_seed3407,refer,detected,junction,1866.0,1152.0,0.0,1.369293212890625,13.243606567382812
39_r_t,G0_seed3407,refer,detected,junction,853.0,1154.0,2.73858642578125,2.73858642578125,2.73858642578125
39_r_t,G0_seed3407,refer,detected,non_vessel,1964.0,1163.0,9.964309692382812,11.874313354492188,9.964309692382812
39_r_t,G0_seed3407,refer,detected,junction,1029.0,1170.0,5.0628814697265625,6.9728851318359375,12.288604736328125
39_r_t,G0_seed3407,refer,detected,endpoint,1704.0,1170.0,0.9550018310546875,8.468597412109375,0.9550018310546875
39_r_t,G0_seed3407,refer,detected,junction,486.0,1172.0,2.8650054931640625,4.2342987060546875,2.8650054931640625
39_r_t,G0_seed3407,refer,detected,junction,1400.0,1174.0,1.910003662109375,1.910003662109375,3.279296875
39_r_t,G0_seed3407,refer,detected,junction,813.0,1181.0,1.910003662109375,1.910003662109375,5.0628814697265625
39_r_t,G0_seed3407,refer,detected,junction,1579.0,1185.0,0.9550018310546875,1.910003662109375,3.279296875
39_r_t,G0_seed3407,refer,detected,junction,1856.0,1190.0,0.9550018310546875,0.9550018310546875,26.936538696289062
39_r_t,G0_seed3407,refer,detected,junction,597.0,1192.0,0.0,0.0,15.602935791015625
39_r_t,G0_seed3407,refer,detected,junction,1282.0,1194.0,2.73858642578125,4.107879638671875,3.279296875
39_r_t,G0_seed3407,refer,detected,junction,2079.0,1197.0,0.9550018310546875,1.369293212890625,11.46002197265625
39_r_t,G0_seed3407,refer,detected,junction,1458.0,1201.0,0.0,2.73858642578125,0.0
39_r_t,G0_seed3407,refer,detected,junction,907.0,1206.0,0.9550018310546875,0.9550018310546875,2.8650054931640625
39_r_t,G0_seed3407,refer,detected,junction,1042.0,1208.0,5.730010986328125,5.730010986328125,6.4321746826171875
39_r_t,G0_seed3407,refer,detected,junction,533.0,1215.0,1.369293212890625,1.369293212890625,14.325027465820312
39_r_t,G0_seed3407,refer,detected,non_vessel,2001.0,1217.0,23.748626708984375,25.532211303710938,25.820083618164062
39_r_t,G0_seed3407,refer,detected,junction,708.0,1219.0,3.82000732421875,3.82000732421875,13.65789794921875
39_r_t,G0_seed3407,refer,detected,junction,1353.0,1221.0,0.0,0.0,1.910003662109375
39_r_t,G0_seed3407,refer,detected,non_vessel,1738.0,1221.0,37.947235107421875,54.50517272949219,37.947235107421875
39_r_t,G0_seed3407,refer,detected,junction,1643.0,1224.0,2.3242950439453125,2.3242950439453125,2.3242950439453125
39_r_t,G0_seed3407,refer,detected,junction,968.0,1230.0,4.648590087890625,5.4771728515625,6.1443023681640625
39_r_t,G0_seed3407,refer,detected,junction,1846.0,1230.0,1.910003662109375,4.2342987060546875,16.649322509765625
39_r_t,G0_seed3407,refer,detected,endpoint,1795.0,1233.0,2.8650054931640625,10.125762939453125,3.279296875
39_r_t,G0_seed3407,refer,detected,junction,648.0,1242.0,0.9550018310546875,2.3242950439453125,0.9550018310546875
39_r_t,G0_seed3407,refer,detected,junction,1974.0,1248.0,4.107879638671875,4.107879638671875,5.0628814697265625
39_r_t,G0_seed3407,refer,detected,junction,911.0,1257.0,0.9550018310546875,2.3242950439453125,2.3242950439453125
39_r_t,G0_seed3407,refer,detected,junction,833.0,1260.0,2.3242950439453125,3.279296875,2.3242950439453125
39_r_t,G0_seed3407,refer,detected,endpoint,1204.0,1260.0,3.279296875,31.999420166015625,3.279296875
39_r_t,G0_seed3407,refer,detected,junction,1434.0,1260.0,0.9550018310546875,0.9550018310546875,3.279296875
39_r_t,G0_seed3407,refer,detected,non_vessel,394.0,1262.0,57.81950378417969,60.55809020996094,57.81950378417969
39_r_t,G0_seed3407,refer,detected,non_vessel,2048.0,1262.0,48.48728942871094,48.61370849609375,49.189453125
39_r_t,G0_seed3407,refer,detected,junction,1100.0,1266.0,0.0,0.0,2.73858642578125
39_r_t,G0_seed3407,refer,detected,junction,762.0,1271.0,2.73858642578125,2.73858642578125,14.1986083984375
39_r_t,G0_seed3407,refer,detected,junction,580.0,1273.0,1.369293212890625,6.6850128173828125,3.279296875
39_r_t,G0_seed3407,refer,detected,non_vessel,1039.0,1275.0,13.1171875,13.945770263671875,13.1171875
39_r_t,G0_seed3407,refer,detected,junction,1866.0,1275.0,0.0,0.0,8.468597412109375
39_r_t,G0_seed3407,refer,detected,junction,1370.0,1278.0,0.9550018310546875,2.3242950439453125,0.9550018310546875
39_r_t,G0_seed3407,refer,detected,junction,1545.0,1278.0,0.0,0.0,4.107879638671875
39_r_t,G0_seed3407,refer,detected,non_vessel,1684.0,1284.0,41.17018127441406,43.94380187988281,45.151641845703125
39_r_t,G0_seed3407,refer,detected,junction,445.0,1287.0,2.3242950439453125,2.3242950439453125,2.8650054931640625
39_r_t,G0_seed3407,refer,detected,non_vessel,2008.0,1293.0,14.647933959960938,16.017227172851562,14.647933959960938
39_r_t,G0_seed3407,refer,detected,junction,1606.0,1298.0,1.910003662109375,2.73858642578125,5.0628814697265625
39_r_t,G0_seed3407,refer,detected,junction,708.0,1305.0,0.9550018310546875,0.9550018310546875,8.054306030273438
39_r_t,G0_seed3407,refer,detected,junction,904.0,1305.0,3.279296875,4.2342987060546875,27.477249145507812
39_r_t,G0_seed3407,refer,detected,junction,1120.0,1305.0,2.73858642578125,2.73858642578125,3.279296875
39_r_t,G0_seed3407,refer,detected,endpoint,1265.0,1316.0,1.369293212890625,8.21575927734375,1.369293212890625
39_r_t,G0_seed3407,refer,detected,junction,1458.0,1316.0,2.3242950439453125,2.8650054931640625,2.3242950439453125
39_r_t,G0_seed3407,refer,detected,junction,1393.0,1323.0,0.9550018310546875,2.3242950439453125,0.9550018310546875
39_r_t,G0_seed3407,refer,detected,junction,550.0,1325.0,3.6935882568359375,4.107879638671875,4.648590087890625
39_r_t,G0_seed3407,refer,detected,non_vessel,1923.0,1325.0,21.494400024414062,21.494400024414062,23.818695068359375
39_r_t,G0_seed3407,refer,detected,junction,1755.0,1327.0,2.8650054931640625,3.279296875,2.8650054931640625
39_r_t,G0_seed3407,refer,detected,non_vessel,2028.0,1329.0,11.46002197265625,13.784317016601562,11.46002197265625
39_r_t,G0_seed3407,refer,detected,junction,489.0,1334.0,0.0,0.0,6.9728851318359375
39_r_t,G0_seed3407,refer,detected,junction,1528.0,1334.0,4.648590087890625,6.55859375,5.0628814697265625
39_r_t,G0_seed3407,refer,detected,junction,968.0,1336.0,2.3242950439453125,2.3242950439453125,6.01788330078125
39_r_t,G0_seed3407,refer,detected,junction,1863.0,1343.0,4.7750091552734375,4.7750091552734375,10.792892456054688
39_r_t,G0_seed3407,refer,detected,junction,1701.0,1345.0,1.910003662109375,1.910003662109375,2.73858642578125
39_r_t,G0_seed3407,refer,detected,junction,729.0,1347.0,0.0,0.0,1.369293212890625
39_r_t,G0_seed3407,refer,detected,junction,806.0,1347.0,3.279296875,4.2342987060546875,5.6035919189453125
39_r_t,G0_seed3407,refer,detected,non_vessel,1623.0,1347.0,22.863693237304688,23.53082275390625,22.863693237304688
39_r_t,G0_seed3407,refer,detected,junction,664.0,1352.0,2.73858642578125,2.73858642578125,13.945770263671875
39_r_t,G0_seed3407,refer,detected,junction,907.0,1352.0,1.369293212890625,5.4771728515625,3.279296875
39_r_t,G0_seed3407,refer,detected,junction,536.0,1354.0,1.910003662109375,3.6935882568359375,4.2342987060546875
39_r_t,G0_seed3407,refer,detected,junction,1032.0,1363.0,2.73858642578125,3.279296875,4.2342987060546875
39_r_t,G0_seed3407,refer,detected,non_vessel,2139.0,1365.0,28.720123291015625,30.503707885742188,28.720123291015625
39_r_t,G0_seed3407,refer,detected,junction,2045.0,1370.0,3.279296875,3.82000732421875,3.279296875
39_r_t,G0_seed3407,refer,detected,junction,1316.0,1374.0,1.369293212890625,3.6935882568359375,2.3242950439453125
39_r_t,G0_seed3407,refer,detected,junction,1373.0,1379.0,0.0,3.279296875,1.910003662109375
39_r_t,G0_seed3407,refer,detected,junction,1198.0,1388.0,1.369293212890625,1.910003662109375,13.819351196289062
39_r_t,G0_seed3407,refer,detected,junction,941.0,1390.0,1.910003662109375,2.8650054931640625,1.910003662109375
39_r_t,G0_seed3407,refer,detected,junction,1866.0,1390.0,1.910003662109375,5.6035919189453125,3.6935882568359375
39_r_t,G0_seed3407,refer,detected,junction,533.0,1392.0,0.9550018310546875,1.910003662109375,2.3242950439453125
39_r_t,G0_seed3407,refer,detected,non_vessel,1593.0,1392.0,26.648666381835938,28.720123291015625,26.648666381835938
39_r_t,G0_seed3407,refer,detected,non_vessel,614.0,1401.0,21.080108642578125,21.494400024414062,22.035110473632812
39_r_t,G0_seed3407,refer,detected,junction,1275.0,1401.0,2.3242950439453125,2.3242950439453125,15.982192993164062
39_r_t,G0_seed3407,refer,detected,junction,1728.0,1404.0,1.369293212890625,2.3242950439453125,41.13514709472656
39_r_t,G0_seed3407,refer,detected,junction,2052.0,1404.0,3.82000732421875,3.82000732421875,5.6035919189453125
39_r_t,G0_seed3407,refer,detected,non_vessel,1971.0,1408.0,46.738739013671875,48.360870361328125,46.738739013671875
39_r_t,G0_seed3407,refer,detected,junction,783.0,1413.0,0.0,0.0,2.3242950439453125
39_r_t,G0_seed3407,refer,detected,junction,1495.0,1415.0,3.279296875,4.648590087890625,3.279296875
39_r_t,G0_seed3407,refer,detected,junction,1667.0,1415.0,0.0,0.0,1.910003662109375
39_r_t,G0_seed3407,refer,detected,junction,877.0,1417.0,0.9550018310546875,3.82000732421875,0.9550018310546875
39_r_t,G0_seed3407,refer,detected,junction,1019.0,1419.0,2.3242950439453125,4.648590087890625,3.279296875
39_r_t,G0_seed3407,refer,detected,junction,1407.0,1424.0,0.0,0.0,2.73858642578125
39_r_t,G0_seed3407,refer,detected,junction,958.0,1428.0,1.910003662109375,4.648590087890625,2.3242950439453125
39_r_t,G0_seed3407,refer,detected,junction,1066.0,1435.0,1.369293212890625,1.369293212890625,4.2342987060546875
39_r_t,G0_seed3407,refer,detected,non_vessel,1559.0,1435.0,13.945770263671875,18.05364990234375,13.945770263671875
39_r_t,G0_seed3407,refer,detected,junction,661.0,1446.0,4.107879638671875,4.2342987060546875,5.4771728515625
39_r_t,G0_seed3407,refer,detected,junction,1177.0,1449.0,0.0,0.0,1.910003662109375
39_r_t,G0_seed3407,refer,detected,non_vessel,725.0,1453.0,17.927230834960938,19.963653564453125,17.927230834960938
39_r_t,G0_seed3407,refer,detected,junction,1262.0,1453.0,1.369293212890625,1.369293212890625,4.7750091552734375
39_r_t,G0_seed3407,refer,detected,non_vessel,2075.0,1455.0,20.504364013671875,21.8736572265625,20.504364013671875
39_r_t,G0_seed3407,refer,detected,non_vessel,1886.0,1458.0,47.785125732421875,49.1544189453125,47.785125732421875
39_r_t,G0_seed3407,refer,detected,junction,1447.0,1464.0,0.9550018310546875,0.9550018310546875,7.5135955810546875
39_r_t,G0_seed3407,refer,detected,junction,1056.0,1467.0,4.648590087890625,4.648590087890625,15.85577392578125
39_r_t,G0_seed3407,refer,detected,non_vessel,857.0,1480.0,10.252182006835938,12.990768432617188,10.252182006835938
39_r_t,G0_seed3407,refer,detected,non_vessel,1512.0,1480.0,25.72869873046875,27.765121459960938,25.72869873046875
39_r_t,G0_seed3407,refer,detected,junction,1603.0,1482.0,2.3242950439453125,2.3242950439453125,6.846466064453125
39_r_t,G0_seed3407,refer,detected,non_vessel,648.0,1485.0,25.981536865234375,25.981536865234375,32.79296875
39_r_t,G0_seed3407,refer,detected,junction,1161.0,1487.0,0.9550018310546875,1.910003662109375,4.648590087890625
39_r_t,G0_seed3407,refer,detected,junction,1383.0,1487.0,3.82000732421875,5.189300537109375,3.82000732421875
39_r_t,G0_seed3407,refer,detected,non_vessel,1771.0,1487.0,50.61509704589844,50.61509704589844,54.05584716796875
39_r_t,G0_seed3407,refer,detected,endpoint,995.0,1491.0,5.6035919189453125,11.080764770507812,5.6035919189453125
39_r_t,G0_seed3407,refer,detected,non_vessel,543.0,1498.0,16.396484375,17.351486206054688,20.630783081054688
39_r_t,G0_seed3407,refer,detected,junction,1221.0,1503.0,1.369293212890625,3.279296875,6.846466064453125
39_r_t,G0_seed3407,refer,detected,non_vessel,1289.0,1505.0,15.3150634765625,16.684356689453125,15.3150634765625
39_r_t,G0_seed3407,refer,detected,junction,1707.0,1505.0,1.910003662109375,2.3242950439453125,9.837890625
39_r_t,G0_seed3407,refer,detected,junction,776.0,1509.0,3.82000732421875,3.82000732421875,5.4771728515625
39_r_t,G0_seed3407,refer,detected,non_vessel,2028.0,1518.0,92.68392944335938,94.05322265625,92.68392944335938
39_r_t,G0_seed3407,refer,detected,junction,1083.0,1532.0,0.0,1.369293212890625,5.0628814697265625
39_r_t,G0_seed3407,refer,detected,non_vessel,1447.0,1536.0,24.232986450195312,24.773696899414062,25.72869873046875
39_r_t,G0_seed3407,refer,detected,non_vessel,1566.0,1536.0,28.340866088867188,29.295867919921875,28.685089111328125
39_r_t,G0_seed3407,refer,detected,junction,921.0,1541.0,4.107879638671875,4.648590087890625,7.927886962890625
39_r_t,G0_seed3407,refer,detected,junction,1711.0,1545.0,0.9550018310546875,0.9550018310546875,10.540054321289062
39_r_t,G0_seed3407,refer,detected,non_vessel,685.0,1550.0,52.145843505859375,52.56013488769531,68.32452392578125
39_r_t,G0_seed3407,refer,detected,junction,1002.0,1550.0,3.279296875,3.6935882568359375,15.982192993164062
39_r_t,G0_seed3407,refer,detected,junction,1312.0,1552.0,1.910003662109375,1.910003662109375,4.648590087890625
39_r_t,G0_seed3407,refer,detected,junction,1113.0,1563.0,0.0,0.0,12.162185668945312
39_r_t,G0_seed3407,refer,detected,non_vessel,1940.0,1563.0,170.4320526123047,171.8013458251953,170.4320526123047
39_r_t,G0_seed3407,refer,detected,non_vessel,857.0,1566.0,27.568634033203125,29.352218627929688,28.755157470703125
39_r_t,G0_seed3407,refer,detected,non_vessel,1717.0,1575.0,12.864349365234375,12.990768432617188,12.864349365234375
39_r_t,G0_seed3407,refer,detected,non_vessel,1873.0,1577.0,146.311767578125,147.68106079101562,146.311767578125
39_r_t,G0_seed3407,refer,detected,junction,1015.0,1579.0,0.9550018310546875,0.9550018310546875,3.279296875
39_r_t,G0_seed3407,refer,detected,non_vessel,1657.0,1581.0,61.92738342285156,63.04383850097656,68.54232788085938
39_r_t,G0_seed3407,refer,detected,junction,1194.0,1586.0,1.910003662109375,7.927886962890625,1.910003662109375
39_r_t,G0_seed3407,refer,detected,junction,1238.0,1586.0,0.0,0.0,1.910003662109375
39_r_t,G0_seed3407,refer,detected,endpoint,1508.0,1590.0,5.4771728515625,9.585052490234375,5.4771728515625
39_r_t,G0_seed3407,refer,detected,non_vessel,1282.0,1608.0,17.225067138671875,24.64727783203125,20.504364013671875
39_r_t,G0_seed3407,refer,detected,junction,1383.0,1617.0,2.3242950439453125,2.3242950439453125,8.21575927734375
39_r_t,G0_seed3407,refer,detected,non_vessel,793.0,1624.0,14.1986083984375,22.702239990234375,15.694320678710938
39_r_t,G0_seed3407,refer,detected,non_vessel,1221.0,1626.0,37.65936279296875,37.65936279296875,39.96234130859375
39_r_t,G0_seed3407,refer,detected,non_vessel,698.0,1629.0,9.170761108398438,11.909347534179688,9.170761108398438
39_r_t,G0_seed3407,refer,detected,junction,1306.0,1642.0,1.369293212890625,5.6035919189453125,5.0628814697265625
39_r_t,G0_seed3407,refer,detected,endpoint,1427.0,1644.0,1.369293212890625,10.9193115234375,1.369293212890625
39_r_t,G0_seed3407,refer,detected,non_vessel,1883.0,1644.0,183.6193084716797,184.9886016845703,183.6193084716797
39_r_t,G0_seed3407,refer,detected,junction,874.0,1653.0,0.9550018310546875,0.9550018310546875,6.9728851318359375
39_r_t,G0_seed3407,refer,detected,non_vessel,1731.0,1653.0,86.52590942382812,87.89520263671875,86.52590942382812
39_r_t,G0_seed3407,refer,detected,non_vessel,1073.0,1656.0,12.57647705078125,17.765777587890625,12.57647705078125
39_r_t,G0_seed3407,refer,detected,non_vessel,1545.0,1658.0,60.07373046875,60.48802185058594,61.85731506347656
39_r_t,G0_seed3407,query,ratio,non_vessel,1819.0,281.0,42.43437194824219,42.97508239746094,42.43437194824219
39_r_t,G0_seed3407,query,ratio,junction,1012.0,285.0,0.9550018310546875,0.9550018310546875,1.369293212890625
39_r_t,G0_seed3407,query,ratio,non_vessel,1137.0,292.0,12.162185668945312,13.531478881835938,14.647933959960938
39_r_t,G0_seed3407,query,ratio,endpoint,1866.0,346.0,4.648590087890625,8.342178344726562,4.648590087890625
39_r_t,G0_seed3407,query,ratio,junction,1346.0,362.0,0.9550018310546875,0.9550018310546875,3.279296875
39_r_t,G0_seed3407,query,ratio,junction,1107.0,387.0,2.3242950439453125,2.3242950439453125,2.3242950439453125
39_r_t,G0_seed3407,query,ratio,junction,857.0,414.0,1.910003662109375,2.8650054931640625,15.567901611328125
39_r_t,G0_seed3407,query,ratio,junction,756.0,441.0,1.910003662109375,1.910003662109375,6.01788330078125
39_r_t,G0_seed3407,query,ratio,junction,1360.0,445.0,0.9550018310546875,0.9550018310546875,5.4771728515625
39_r_t,G0_seed3407,query,ratio,junction,826.0,456.0,2.73858642578125,2.73858642578125,9.009307861328125
39_r_t,G0_seed3407,query,ratio,junction,1390.0,560.0,1.369293212890625,1.910003662109375,1.910003662109375
39_r_t,G0_seed3407,query,ratio,junction,1414.0,614.0,1.910003662109375,2.3242950439453125,13.784317016601562
39_r_t,G0_seed3407,query,ratio,junction,550.0,648.0,1.369293212890625,1.910003662109375,1.910003662109375
39_r_t,G0_seed3407,query,ratio,non_vessel,644.0,816.0,12.702896118164062,14.072189331054688,12.702896118164062
39_r_t,G0_seed3407,query,ratio,junction,519.0,850.0,2.8650054931640625,4.2342987060546875,2.8650054931640625
39_r_t,G0_seed3407,query,ratio,endpoint,999.0,909.0,6.6850128173828125,8.054306030273438,6.6850128173828125
39_r_t,G0_seed3407,query,ratio,junction,1373.0,963.0,2.8650054931640625,2.8650054931640625,14.325027465820312
39_r_t,G0_seed3407,query,ratio,junction,749.0,987.0,2.8650054931640625,3.6935882568359375,7.927886962890625
39_r_t,G0_seed3407,query,ratio,junction,1819.0,1077.0,0.0,0.0,16.143646240234375
39_r_t,G0_seed3407,query,ratio,junction,1441.0,1098.0,0.9550018310546875,3.6935882568359375,10.666473388671875
39_r_t,G0_seed3407,query,ratio,junction,1380.0,1134.0,1.910003662109375,1.910003662109375,4.648590087890625
39_r_t,G0_seed3407,query,ratio,junction,786.0,1136.0,0.9550018310546875,4.107879638671875,0.9550018310546875
39_r_t,G0_seed3407,query,ratio,junction,1501.0,1149.0,4.107879638671875,5.189300537109375,4.7750091552734375
39_r_t,G0_seed3407,query,ratio,junction,1485.0,1181.0,1.910003662109375,4.107879638671875,3.82000732421875
39_r_t,G0_seed3407,query,ratio,junction,1535.0,1194.0,3.6935882568359375,3.6935882568359375,11.333602905273438
39_r_t,G0_seed3407,query,ratio,junction,1404.0,1203.0,0.9550018310546875,3.279296875,0.9550018310546875
39_r_t,G0_seed3407,query,ratio,junction,894.0,1248.0,0.0,0.0,21.080108642578125
39_r_t,G0_seed3407,query,ratio,junction,1431.0,1248.0,4.107879638671875,4.2342987060546875,4.107879638671875
39_r_t,G0_seed3407,query,ratio,junction,1498.0,1248.0,3.279296875,6.4321746826171875,3.279296875
39_r_t,G0_seed3407,query,ratio,junction,1957.0,1260.0,0.9550018310546875,0.9550018310546875,4.2342987060546875
39_r_t,G0_seed3407,query,ratio,junction,1569.0,1262.0,0.0,0.0,24.289337158203125
39_r_t,G0_seed3407,query,ratio,junction,1265.0,1282.0,1.369293212890625,1.910003662109375,4.7750091552734375
39_r_t,G0_seed3407,query,ratio,junction,1464.0,1298.0,2.73858642578125,2.73858642578125,10.666473388671875
39_r_t,G0_seed3407,query,ratio,junction,1096.0,1397.0,0.9550018310546875,1.369293212890625,3.6935882568359375
39_r_t,G0_seed3407,refer,ratio,non_vessel,1967.0,132.0,207.5156707763672,218.42738342285156,207.5156707763672
39_r_t,G0_seed3407,refer,ratio,junction,1063.0,108.0,1.369293212890625,1.369293212890625,6.1443023681640625
39_r_t,G0_seed3407,refer,ratio,junction,1231.0,137.0,0.9550018310546875,0.9550018310546875,9.711471557617188
39_r_t,G0_seed3407,refer,ratio,non_vessel,2018.0,184.0,178.98443603515625,207.0724639892578,178.98443603515625
39_r_t,G0_seed3407,refer,ratio,junction,1545.0,528.0,2.73858642578125,5.189300537109375,3.6935882568359375
39_r_t,G0_seed3407,refer,ratio,endpoint,1174.0,251.0,3.82000732421875,8.468597412109375,3.82000732421875
39_r_t,G0_seed3407,refer,ratio,junction,850.0,249.0,5.4771728515625,5.4771728515625,20.918655395507812
39_r_t,G0_seed3407,refer,ratio,junction,698.0,288.0,2.8650054931640625,6.4321746826171875,6.1443023681640625
39_r_t,G0_seed3407,refer,ratio,non_vessel,1522.0,373.0,21.90869140625,22.863693237304688,23.116531372070312
39_r_t,G0_seed3407,refer,ratio,junction,796.0,306.0,0.0,0.0,2.73858642578125
39_r_t,G0_seed3407,refer,ratio,junction,1545.0,528.0,2.73858642578125,5.189300537109375,3.6935882568359375
39_r_t,G0_seed3407,refer,ratio,non_vessel,1576.0,609.0,16.108612060546875,16.649322509765625,16.108612060546875
39_r_t,G0_seed3407,refer,ratio,non_vessel,367.0,531.0,64.75735473632812,65.17164611816406,80.07241821289062
39_r_t,G0_seed3407,refer,ratio,non_vessel,486.0,787.0,14.1986083984375,14.325027465820312,14.1986083984375
39_r_t,G0_seed3407,refer,ratio,non_vessel,310.0,807.0,126.35423278808594,128.1378173828125,126.35423278808594
39_r_t,G0_seed3407,refer,ratio,non_vessel,955.0,953.0,116.92451477050781,117.46522521972656,116.92451477050781
39_r_t,G0_seed3407,refer,ratio,junction,1461.0,1086.0,1.369293212890625,3.279296875,1.910003662109375
39_r_t,G0_seed3407,refer,ratio,non_vessel,553.0,735.0,14.647933959960938,20.125106811523438,14.647933959960938
39_r_t,G0_seed3407,refer,ratio,non_vessel,2048.0,1262.0,48.48728942871094,48.61370849609375,49.189453125
39_r_t,G0_seed3407,refer,ratio,junction,1545.0,1278.0,0.0,0.0,4.107879638671875
39_r_t,G0_seed3407,refer,ratio,junction,1458.0,1316.0,2.3242950439453125,2.8650054931640625,2.3242950439453125
39_r_t,G0_seed3407,refer,ratio,junction,648.0,1242.0,0.9550018310546875,2.3242950439453125,0.9550018310546875
39_r_t,G0_seed3407,refer,ratio,non_vessel,1623.0,1347.0,22.863693237304688,23.53082275390625,22.863693237304688
39_r_t,G0_seed3407,refer,ratio,non_vessel,1593.0,1392.0,26.648666381835938,28.720123291015625,26.648666381835938
39_r_t,G0_seed3407,refer,ratio,junction,1667.0,1415.0,0.0,0.0,1.910003662109375
39_r_t,G0_seed3407,refer,ratio,junction,1495.0,1415.0,3.279296875,4.648590087890625,3.279296875
39_r_t,G0_seed3407,refer,ratio,junction,783.0,1413.0,0.0,0.0,2.3242950439453125
39_r_t,G0_seed3407,refer,ratio,non_vessel,1512.0,1480.0,25.72869873046875,27.765121459960938,25.72869873046875
39_r_t,G0_seed3407,refer,ratio,junction,1603.0,1482.0,2.3242950439453125,2.3242950439453125,6.846466064453125
39_r_t,G0_seed3407,refer,ratio,non_vessel,2139.0,1365.0,28.720123291015625,30.503707885742188,28.720123291015625
39_r_t,G0_seed3407,refer,ratio,junction,1707.0,1505.0,1.910003662109375,2.3242950439453125,9.837890625
39_r_t,G0_seed3407,refer,ratio,non_vessel,1289.0,1505.0,15.3150634765625,16.684356689453125,15.3150634765625
39_r_t,G0_seed3407,refer,ratio,non_vessel,1566.0,1536.0,28.340866088867188,29.295867919921875,28.685089111328125
39_r_t,G0_seed3407,refer,ratio,junction,1083.0,1532.0,0.0,1.369293212890625,5.0628814697265625
39_r_t,G0_seed3407,query,final,non_vessel,1137.0,292.0,12.162185668945312,13.531478881835938,14.647933959960938
39_r_t,G0_seed3407,query,final,junction,1107.0,387.0,2.3242950439453125,2.3242950439453125,2.3242950439453125
39_r_t,G0_seed3407,query,final,junction,756.0,441.0,1.910003662109375,1.910003662109375,6.01788330078125
39_r_t,G0_seed3407,query,final,junction,1360.0,445.0,0.9550018310546875,0.9550018310546875,5.4771728515625
39_r_t,G0_seed3407,query,final,junction,1414.0,614.0,1.910003662109375,2.3242950439453125,13.784317016601562
39_r_t,G0_seed3407,query,final,non_vessel,644.0,816.0,12.702896118164062,14.072189331054688,12.702896118164062
39_r_t,G0_seed3407,query,final,junction,519.0,850.0,2.8650054931640625,4.2342987060546875,2.8650054931640625
39_r_t,G0_seed3407,query,final,endpoint,999.0,909.0,6.6850128173828125,8.054306030273438,6.6850128173828125
39_r_t,G0_seed3407,query,final,junction,1373.0,963.0,2.8650054931640625,2.8650054931640625,14.325027465820312
39_r_t,G0_seed3407,query,final,junction,1441.0,1098.0,0.9550018310546875,3.6935882568359375,10.666473388671875
39_r_t,G0_seed3407,query,final,junction,1380.0,1134.0,1.910003662109375,1.910003662109375,4.648590087890625
39_r_t,G0_seed3407,query,final,junction,786.0,1136.0,0.9550018310546875,4.107879638671875,0.9550018310546875
39_r_t,G0_seed3407,query,final,junction,1485.0,1181.0,1.910003662109375,4.107879638671875,3.82000732421875
39_r_t,G0_seed3407,query,final,junction,1535.0,1194.0,3.6935882568359375,3.6935882568359375,11.333602905273438
39_r_t,G0_seed3407,query,final,junction,1404.0,1203.0,0.9550018310546875,3.279296875,0.9550018310546875
39_r_t,G0_seed3407,query,final,junction,1431.0,1248.0,4.107879638671875,4.2342987060546875,4.107879638671875
39_r_t,G0_seed3407,query,final,junction,1498.0,1248.0,3.279296875,6.4321746826171875,3.279296875
39_r_t,G0_seed3407,query,final,junction,1569.0,1262.0,0.0,0.0,24.289337158203125
39_r_t,G0_seed3407,query,final,junction,1265.0,1282.0,1.369293212890625,1.910003662109375,4.7750091552734375
39_r_t,G0_seed3407,query,final,junction,1464.0,1298.0,2.73858642578125,2.73858642578125,10.666473388671875
39_r_t,G0_seed3407,refer,final,junction,1231.0,137.0,0.9550018310546875,0.9550018310546875,9.711471557617188
39_r_t,G0_seed3407,refer,final,endpoint,1174.0,251.0,3.82000732421875,8.468597412109375,3.82000732421875
39_r_t,G0_seed3407,refer,final,junction,698.0,288.0,2.8650054931640625,6.4321746826171875,6.1443023681640625
39_r_t,G0_seed3407,refer,final,non_vessel,1522.0,373.0,21.90869140625,22.863693237304688,23.116531372070312
39_r_t,G0_seed3407,refer,final,non_vessel,1576.0,609.0,16.108612060546875,16.649322509765625,16.108612060546875
39_r_t,G0_seed3407,refer,final,non_vessel,486.0,787.0,14.1986083984375,14.325027465820312,14.1986083984375
39_r_t,G0_seed3407,refer,final,non_vessel,310.0,807.0,126.35423278808594,128.1378173828125,126.35423278808594
39_r_t,G0_seed3407,refer,final,non_vessel,955.0,953.0,116.92451477050781,117.46522521972656,116.92451477050781
39_r_t,G0_seed3407,refer,final,junction,1461.0,1086.0,1.369293212890625,3.279296875,1.910003662109375
39_r_t,G0_seed3407,refer,final,junction,1545.0,1278.0,0.0,0.0,4.107879638671875
39_r_t,G0_seed3407,refer,final,junction,1458.0,1316.0,2.3242950439453125,2.8650054931640625,2.3242950439453125
39_r_t,G0_seed3407,refer,final,junction,648.0,1242.0,0.9550018310546875,2.3242950439453125,0.9550018310546875
39_r_t,G0_seed3407,refer,final,non_vessel,1593.0,1392.0,26.648666381835938,28.720123291015625,26.648666381835938
39_r_t,G0_seed3407,refer,final,junction,1667.0,1415.0,0.0,0.0,1.910003662109375
39_r_t,G0_seed3407,refer,final,junction,1495.0,1415.0,3.279296875,4.648590087890625,3.279296875
39_r_t,G0_seed3407,refer,final,non_vessel,1512.0,1480.0,25.72869873046875,27.765121459960938,25.72869873046875
39_r_t,G0_seed3407,refer,final,junction,1603.0,1482.0,2.3242950439453125,2.3242950439453125,6.846466064453125
39_r_t,G0_seed3407,refer,final,junction,1707.0,1505.0,1.910003662109375,2.3242950439453125,9.837890625
39_r_t,G0_seed3407,refer,final,non_vessel,1289.0,1505.0,15.3150634765625,16.684356689453125,15.3150634765625
39_r_t,G0_seed3407,refer,final,non_vessel,1566.0,1536.0,28.340866088867188,29.295867919921875,28.685089111328125
39_r_t,G0_seed3407,query,first_stage_inlier,non_vessel,1137.0,292.0,12.162185668945312,13.531478881835938,14.647933959960938
39_r_t,G0_seed3407,query,first_stage_inlier,junction,1107.0,387.0,2.3242950439453125,2.3242950439453125,2.3242950439453125
39_r_t,G0_seed3407,query,first_stage_inlier,junction,756.0,441.0,1.910003662109375,1.910003662109375,6.01788330078125
39_r_t,G0_seed3407,query,first_stage_inlier,junction,1360.0,445.0,0.9550018310546875,0.9550018310546875,5.4771728515625
39_r_t,G0_seed3407,query,first_stage_inlier,junction,1414.0,614.0,1.910003662109375,2.3242950439453125,13.784317016601562
39_r_t,G0_seed3407,query,first_stage_inlier,non_vessel,644.0,816.0,12.702896118164062,14.072189331054688,12.702896118164062
39_r_t,G0_seed3407,query,first_stage_inlier,junction,519.0,850.0,2.8650054931640625,4.2342987060546875,2.8650054931640625
39_r_t,G0_seed3407,query,first_stage_inlier,endpoint,999.0,909.0,6.6850128173828125,8.054306030273438,6.6850128173828125
39_r_t,G0_seed3407,query,first_stage_inlier,junction,1373.0,963.0,2.8650054931640625,2.8650054931640625,14.325027465820312
39_r_t,G0_seed3407,query,first_stage_inlier,junction,1441.0,1098.0,0.9550018310546875,3.6935882568359375,10.666473388671875
39_r_t,G0_seed3407,query,first_stage_inlier,junction,1380.0,1134.0,1.910003662109375,1.910003662109375,4.648590087890625
39_r_t,G0_seed3407,query,first_stage_inlier,junction,786.0,1136.0,0.9550018310546875,4.107879638671875,0.9550018310546875
39_r_t,G0_seed3407,query,first_stage_inlier,junction,1485.0,1181.0,1.910003662109375,4.107879638671875,3.82000732421875
39_r_t,G0_seed3407,query,first_stage_inlier,junction,1535.0,1194.0,3.6935882568359375,3.6935882568359375,11.333602905273438
39_r_t,G0_seed3407,query,first_stage_inlier,junction,1404.0,1203.0,0.9550018310546875,3.279296875,0.9550018310546875
39_r_t,G0_seed3407,query,first_stage_inlier,junction,1431.0,1248.0,4.107879638671875,4.2342987060546875,4.107879638671875
39_r_t,G0_seed3407,query,first_stage_inlier,junction,1498.0,1248.0,3.279296875,6.4321746826171875,3.279296875
39_r_t,G0_seed3407,query,first_stage_inlier,junction,1569.0,1262.0,0.0,0.0,24.289337158203125
39_r_t,G0_seed3407,query,first_stage_inlier,junction,1265.0,1282.0,1.369293212890625,1.910003662109375,4.7750091552734375
39_r_t,G0_seed3407,query,first_stage_inlier,junction,1464.0,1298.0,2.73858642578125,2.73858642578125,10.666473388671875
39_r_t,G0_seed3407,refer,first_stage_inlier,junction,1231.0,137.0,0.9550018310546875,0.9550018310546875,9.711471557617188
39_r_t,G0_seed3407,refer,first_stage_inlier,endpoint,1174.0,251.0,3.82000732421875,8.468597412109375,3.82000732421875
39_r_t,G0_seed3407,refer,first_stage_inlier,junction,698.0,288.0,2.8650054931640625,6.4321746826171875,6.1443023681640625
39_r_t,G0_seed3407,refer,first_stage_inlier,non_vessel,1522.0,373.0,21.90869140625,22.863693237304688,23.116531372070312
39_r_t,G0_seed3407,refer,first_stage_inlier,non_vessel,1576.0,609.0,16.108612060546875,16.649322509765625,16.108612060546875
39_r_t,G0_seed3407,refer,first_stage_inlier,non_vessel,486.0,787.0,14.1986083984375,14.325027465820312,14.1986083984375
39_r_t,G0_seed3407,refer,first_stage_inlier,non_vessel,310.0,807.0,126.35423278808594,128.1378173828125,126.35423278808594
39_r_t,G0_seed3407,refer,first_stage_inlier,non_vessel,955.0,953.0,116.92451477050781,117.46522521972656,116.92451477050781
39_r_t,G0_seed3407,refer,first_stage_inlier,junction,1461.0,1086.0,1.369293212890625,3.279296875,1.910003662109375
39_r_t,G0_seed3407,refer,first_stage_inlier,junction,1545.0,1278.0,0.0,0.0,4.107879638671875
39_r_t,G0_seed3407,refer,first_stage_inlier,junction,1458.0,1316.0,2.3242950439453125,2.8650054931640625,2.3242950439453125
39_r_t,G0_seed3407,refer,first_stage_inlier,junction,648.0,1242.0,0.9550018310546875,2.3242950439453125,0.9550018310546875
39_r_t,G0_seed3407,refer,first_stage_inlier,non_vessel,1593.0,1392.0,26.648666381835938,28.720123291015625,26.648666381835938
39_r_t,G0_seed3407,refer,first_stage_inlier,junction,1667.0,1415.0,0.0,0.0,1.910003662109375
39_r_t,G0_seed3407,refer,first_stage_inlier,junction,1495.0,1415.0,3.279296875,4.648590087890625,3.279296875
39_r_t,G0_seed3407,refer,first_stage_inlier,non_vessel,1512.0,1480.0,25.72869873046875,27.765121459960938,25.72869873046875
39_r_t,G0_seed3407,refer,first_stage_inlier,junction,1603.0,1482.0,2.3242950439453125,2.3242950439453125,6.846466064453125
39_r_t,G0_seed3407,refer,first_stage_inlier,junction,1707.0,1505.0,1.910003662109375,2.3242950439453125,9.837890625
39_r_t,G0_seed3407,refer,first_stage_inlier,non_vessel,1289.0,1505.0,15.3150634765625,16.684356689453125,15.3150634765625
39_r_t,G0_seed3407,refer,first_stage_inlier,non_vessel,1566.0,1536.0,28.340866088867188,29.295867919921875,28.685089111328125
40_r_t,G0_seed3407,query,detected,junction,1255.0,85.0,5.4771728515625,6.6850128173828125,6.01788330078125
40_r_t,G0_seed3407,query,detected,non_vessel,1157.0,90.0,11.747894287109375,11.747894287109375,21.620819091796875
40_r_t,G0_seed3407,query,detected,endpoint,1434.0,96.0,6.846466064453125,20.7572021484375,7.387176513671875
40_r_t,G0_seed3407,query,detected,junction,1245.0,132.0,0.9550018310546875,0.9550018310546875,5.189300537109375
40_r_t,G0_seed3407,query,detected,junction,1238.0,164.0,1.910003662109375,1.910003662109375,29.064346313476562
40_r_t,G0_seed3407,query,detected,junction,945.0,168.0,5.0628814697265625,5.189300537109375,6.55859375
40_r_t,G0_seed3407,query,detected,junction,1404.0,171.0,2.73858642578125,2.73858642578125,21.29791259765625
40_r_t,G0_seed3407,query,detected,non_vessel,1677.0,186.0,8.595016479492188,21.8736572265625,9.964309692382812
40_r_t,G0_seed3407,query,detected,junction,1231.0,200.0,3.279296875,3.279296875,6.4321746826171875
40_r_t,G0_seed3407,query,detected,junction,1441.0,204.0,4.107879638671875,4.107879638671875,5.0628814697265625
40_r_t,G0_seed3407,query,detected,junction,1650.0,220.0,5.189300537109375,5.189300537109375,5.4771728515625
40_r_t,G0_seed3407,query,detected,junction,1380.0,224.0,0.9550018310546875,5.0628814697265625,0.9550018310546875
40_r_t,G0_seed3407,query,detected,junction,840.0,234.0,5.6035919189453125,7.6400146484375,6.01788330078125
40_r_t,G0_seed3407,query,detected,junction,931.0,236.0,3.82000732421875,3.82000732421875,17.225067138671875
40_r_t,G0_seed3407,query,detected,junction,995.0,243.0,3.279296875,4.107879638671875,3.279296875
40_r_t,G0_seed3407,query,detected,junction,1458.0,254.0,0.9550018310546875,3.82000732421875,0.9550018310546875
40_r_t,G0_seed3407,query,detected,junction,1572.0,256.0,0.9550018310546875,0.9550018310546875,6.1443023681640625
40_r_t,G0_seed3407,query,detected,junction,1414.0,261.0,7.387176513671875,7.387176513671875,16.143646240234375
40_r_t,G0_seed3407,query,detected,endpoint,1782.0,261.0,6.55859375,9.711471557617188,6.55859375
40_r_t,G0_seed3407,query,detected,junction,1211.0,265.0,0.0,2.73858642578125,0.9550018310546875
40_r_t,G0_seed3407,query,detected,endpoint,1717.0,267.0,6.846466064453125,15.729354858398438,6.9728851318359375
40_r_t,G0_seed3407,query,detected,non_vessel,1356.0,279.0,8.21575927734375,10.954345703125,8.21575927734375
40_r_t,G0_seed3407,query,detected,junction,1613.0,299.0,2.8650054931640625,2.8650054931640625,25.405792236328125
40_r_t,G0_seed3407,query,detected,junction,1771.0,299.0,0.0,4.107879638671875,12.990768432617188
40_r_t,G0_seed3407,query,detected,non_vessel,1269.0,301.0,15.567901611328125,16.93719482421875,15.567901611328125
40_r_t,G0_seed3407,query,detected,non_vessel,988.0,308.0,10.540054321289062,11.909347534179688,10.540054321289062
40_r_t,G0_seed3407,query,detected,junction,907.0,310.0,0.9550018310546875,2.3242950439453125,0.9550018310546875
40_r_t,G0_seed3407,query,detected,junction,1549.0,310.0,1.910003662109375,1.910003662109375,11.747894287109375
40_r_t,G0_seed3407,query,detected,junction,1461.0,312.0,1.910003662109375,1.910003662109375,5.0628814697265625
40_r_t,G0_seed3407,query,detected,non_vessel,1164.0,315.0,18.847198486328125,19.802200317382812,19.514328002929688
40_r_t,G0_seed3407,query,detected,junction,1410.0,315.0,1.369293212890625,1.369293212890625,30.250869750976562
40_r_t,G0_seed3407,query,detected,junction,1724.0,324.0,0.0,2.3242950439453125,6.9728851318359375
40_r_t,G0_seed3407,query,detected,endpoint,729.0,328.0,6.4321746826171875,11.909347534179688,6.4321746826171875
40_r_t,G0_seed3407,query,detected,junction,1238.0,333.0,1.910003662109375,3.279296875,6.6850128173828125
40_r_t,G0_seed3407,query,detected,junction,833.0,339.0,3.6935882568359375,3.6935882568359375,5.0628814697265625
40_r_t,G0_seed3407,query,detected,non_vessel,1019.0,346.0,9.009307861328125,13.945770263671875,9.009307861328125
40_r_t,G0_seed3407,query,detected,non_vessel,1117.0,346.0,22.863693237304688,23.404403686523438,26.395828247070312
40_r_t,G0_seed3407,query,detected,junction,1285.0,346.0,1.369293212890625,7.5135955810546875,3.6935882568359375
40_r_t,G0_seed3407,query,detected,junction,894.0,348.0,2.73858642578125,2.73858642578125,11.874313354492188
40_r_t,G0_seed3407,query,detected,junction,1336.0,348.0,2.8650054931640625,2.8650054931640625,10.37860107421875
40_r_t,G0_seed3407,query,detected,junction,1522.0,353.0,3.6935882568359375,3.82000732421875,5.0628814697265625
40_r_t,G0_seed3407,query,detected,junction,1468.0,355.0,0.0,4.648590087890625,2.3242950439453125
40_r_t,G0_seed3407,query,detected,junction,1869.0,360.0,2.8650054931640625,4.2342987060546875,2.8650054931640625
40_r_t,G0_seed3407,query,detected,junction,1606.0,364.0,0.9550018310546875,0.9550018310546875,8.054306030273438
40_r_t,G0_seed3407,query,detected,non_vessel,1393.0,369.0,8.468597412109375,9.009307861328125,10.505020141601562
40_r_t,G0_seed3407,query,detected,junction,1704.0,371.0,2.73858642578125,4.107879638671875,2.73858642578125
40_r_t,G0_seed3407,query,detected,junction,847.0,373.0,0.9550018310546875,5.6035919189453125,10.252182006835938
40_r_t,G0_seed3407,query,detected,junction,1238.0,387.0,0.9550018310546875,0.9550018310546875,9.964309692382812
40_r_t,G0_seed3407,query,detected,junction,803.0,389.0,0.9550018310546875,0.9550018310546875,16.93719482421875
40_r_t,G0_seed3407,query,detected,junction,1333.0,389.0,6.1443023681640625,6.4321746826171875,6.1443023681640625
40_r_t,G0_seed3407,query,detected,junction,1792.0,400.0,1.369293212890625,1.369293212890625,10.252182006835938
40_r_t,G0_seed3407,query,detected,junction,870.0,409.0,2.3242950439453125,3.6935882568359375,8.882888793945312
40_r_t,G0_seed3407,query,detected,non_vessel,661.0,416.0,52.37736511230469,54.70166015625,52.37736511230469
40_r_t,G0_seed3407,query,detected,junction,1690.0,416.0,3.279296875,4.648590087890625,3.279296875
40_r_t,G0_seed3407,query,detected,junction,1603.0,418.0,3.6935882568359375,3.6935882568359375,16.108612060546875
40_r_t,G0_seed3407,query,detected,junction,810.0,420.0,0.9550018310546875,1.369293212890625,1.910003662109375
40_r_t,G0_seed3407,query,detected,junction,1522.0,423.0,0.9550018310546875,1.910003662109375,4.2342987060546875
40_r_t,G0_seed3407,query,detected,junction,762.0,429.0,2.3242950439453125,6.1443023681640625,12.288604736328125
40_r_t,G0_seed3407,query,detected,junction,1350.0,432.0,0.0,0.0,2.8650054931640625
40_r_t,G0_seed3407,query,detected,non_vessel,1022.0,434.0,28.720123291015625,37.31513977050781,28.720123291015625
40_r_t,G0_seed3407,query,detected,junction,1296.0,434.0,0.9550018310546875,1.369293212890625,2.73858642578125
40_r_t,G0_seed3407,query,detected,junction,833.0,452.0,5.730010986328125,7.387176513671875,6.1443023681640625
40_r_t,G0_seed3407,query,detected,junction,1751.0,452.0,3.6935882568359375,4.107879638671875,3.82000732421875
40_r_t,G0_seed3407,query,detected,junction,1400.0,454.0,1.369293212890625,1.910003662109375,8.054306030273438
40_r_t,G0_seed3407,query,detected,non_vessel,999.0,459.0,26.648666381835938,30.6651611328125,26.648666381835938
40_r_t,G0_seed3407,query,detected,junction,1157.0,459.0,3.6935882568359375,3.6935882568359375,18.559326171875
40_r_t,G0_seed3407,query,detected,junction,1505.0,459.0,0.9550018310546875,0.9550018310546875,1.910003662109375
40_r_t,G0_seed3407,query,detected,junction,887.0,461.0,1.910003662109375,4.107879638671875,21.424331665039062
40_r_t,G0_seed3407,query,detected,junction,1589.0,463.0,2.73858642578125,2.73858642578125,31.999420166015625
40_r_t,G0_seed3407,query,detected,junction,1042.0,476.0,7.8014678955078125,7.8014678955078125,7.927886962890625
40_r_t,G0_seed3407,query,detected,junction,1856.0,476.0,0.9550018310546875,0.9550018310546875,7.8014678955078125
40_r_t,G0_seed3407,query,detected,junction,826.0,483.0,0.9550018310546875,1.910003662109375,1.369293212890625
40_r_t,G0_seed3407,query,detected,junction,769.0,488.0,0.9550018310546875,5.6035919189453125,5.0628814697265625
40_r_t,G0_seed3407,query,detected,junction,1110.0,503.0,3.279296875,4.648590087890625,5.0628814697265625
40_r_t,G0_seed3407,query,detected,junction,1795.0,503.0,5.0628814697265625,5.0628814697265625,6.4321746826171875
40_r_t,G0_seed3407,query,detected,junction,1515.0,506.0,0.9550018310546875,3.279296875,0.9550018310546875
40_r_t,G0_seed3407,query,detected,non_vessel,955.0,510.0,11.080764770507812,20.25152587890625,11.080764770507812
40_r_t,G0_seed3407,query,detected,non_vessel,1022.0,513.0,30.377288818359375,35.18733215332031,30.377288818359375
40_r_t,G0_seed3407,query,detected,junction,1380.0,515.0,2.3242950439453125,4.648590087890625,2.3242950439453125
40_r_t,G0_seed3407,query,detected,junction,813.0,522.0,2.3242950439453125,2.3242950439453125,12.864349365234375
40_r_t,G0_seed3407,query,detected,junction,1292.0,522.0,0.9550018310546875,0.9550018310546875,15.153610229492188
40_r_t,G0_seed3407,query,detected,junction,1920.0,522.0,1.369293212890625,1.369293212890625,9.423599243164062
40_r_t,G0_seed3407,query,detected,junction,597.0,526.0,2.3242950439453125,2.8650054931640625,2.3242950439453125
40_r_t,G0_seed3407,query,detected,junction,1653.0,526.0,2.3242950439453125,2.3242950439453125,5.6035919189453125
40_r_t,G0_seed3407,query,detected,junction,1248.0,528.0,3.6935882568359375,3.6935882568359375,9.964309692382812
40_r_t,G0_seed3407,query,detected,junction,1873.0,533.0,0.9550018310546875,0.9550018310546875,11.46002197265625
40_r_t,G0_seed3407,query,detected,junction,1994.0,546.0,2.3242950439453125,2.3242950439453125,5.0628814697265625
40_r_t,G0_seed3407,query,detected,junction,1478.0,549.0,2.73858642578125,5.0628814697265625,5.0628814697265625
40_r_t,G0_seed3407,query,detected,junction,1562.0,553.0,2.3242950439453125,2.3242950439453125,6.1443023681640625
40_r_t,G0_seed3407,query,detected,endpoint,641.0,555.0,6.9728851318359375,10.666473388671875,6.9728851318359375
40_r_t,G0_seed3407,query,detected,junction,1130.0,555.0,2.3242950439453125,5.189300537109375,2.3242950439453125
40_r_t,G0_seed3407,query,detected,junction,1059.0,562.0,3.6935882568359375,3.6935882568359375,14.647933959960938
40_r_t,G0_seed3407,query,detected,non_vessel,1404.0,567.0,35.33506774902344,35.33506774902344,41.07879638671875
40_r_t,G0_seed3407,query,detected,junction,1636.0,573.0,0.9550018310546875,2.8650054931640625,0.9550018310546875
40_r_t,G0_seed3407,query,detected,junction,1866.0,573.0,1.910003662109375,1.910003662109375,5.0628814697265625
40_r_t,G0_seed3407,query,detected,junction,1741.0,576.0,3.279296875,3.6935882568359375,7.09930419921875
40_r_t,G0_seed3407,query,detected,junction,786.0,580.0,1.369293212890625,1.369293212890625,18.720779418945312
40_r_t,G0_seed3407,query,detected,junction,897.0,585.0,0.9550018310546875,2.73858642578125,6.01788330078125
40_r_t,G0_seed3407,query,detected,junction,1245.0,587.0,0.9550018310546875,0.9550018310546875,1.369293212890625
40_r_t,G0_seed3407,query,detected,junction,1971.0,587.0,3.279296875,3.279296875,5.6035919189453125
40_r_t,G0_seed3407,query,detected,junction,567.0,596.0,3.279296875,5.6035919189453125,3.279296875
40_r_t,G0_seed3407,query,detected,junction,1140.0,600.0,3.279296875,3.279296875,17.604324340820312
40_r_t,G0_seed3407,query,detected,junction,739.0,603.0,0.9550018310546875,0.9550018310546875,8.7564697265625
40_r_t,G0_seed3407,query,detected,junction,1383.0,603.0,2.8650054931640625,2.8650054931640625,3.6935882568359375
40_r_t,G0_seed3407,query,detected,junction,1431.0,603.0,0.9550018310546875,0.9550018310546875,6.9728851318359375
40_r_t,G0_seed3407,query,detected,junction,1674.0,612.0,2.3242950439453125,2.3242950439453125,5.0628814697265625
40_r_t,G0_seed3407,query,detected,junction,1778.0,614.0,1.910003662109375,4.107879638671875,8.468597412109375
40_r_t,G0_seed3407,query,detected,junction,880.0,623.0,0.9550018310546875,0.9550018310546875,2.73858642578125
40_r_t,G0_seed3407,query,detected,junction,1518.0,630.0,0.9550018310546875,0.9550018310546875,32.91938781738281
40_r_t,G0_seed3407,query,detected,junction,975.0,632.0,2.3242950439453125,3.6935882568359375,2.3242950439453125
40_r_t,G0_seed3407,query,detected,junction,1707.0,641.0,4.107879638671875,4.107879638671875,11.49505615234375
40_r_t,G0_seed3407,query,detected,junction,1073.0,648.0,1.910003662109375,2.73858642578125,17.225067138671875
40_r_t,G0_seed3407,query,detected,junction,1603.0,648.0,0.0,0.0,8.595016479492188
40_r_t,G0_seed3407,query,detected,junction,1832.0,648.0,3.82000732421875,3.82000732421875,5.6035919189453125
40_r_t,G0_seed3407,query,detected,junction,796.0,652.0,0.9550018310546875,4.7750091552734375,2.3242950439453125
40_r_t,G0_seed3407,query,detected,junction,1161.0,652.0,1.369293212890625,1.369293212890625,16.522903442382812
40_r_t,G0_seed3407,query,detected,junction,685.0,657.0,0.9550018310546875,2.3242950439453125,0.9550018310546875
40_r_t,G0_seed3407,query,detected,junction,2025.0,657.0,1.910003662109375,3.279296875,1.910003662109375
40_r_t,G0_seed3407,query,detected,junction,1346.0,668.0,4.107879638671875,6.1443023681640625,7.5135955810546875
40_r_t,G0_seed3407,query,detected,junction,1559.0,679.0,2.8650054931640625,2.8650054931640625,6.4321746826171875
40_r_t,G0_seed3407,query,detected,junction,1798.0,679.0,1.369293212890625,7.5135955810546875,9.711471557617188
40_r_t,G0_seed3407,query,detected,junction,799.0,684.0,4.7750091552734375,5.0628814697265625,26.77508544921875
40_r_t,G0_seed3407,query,detected,junction,1491.0,684.0,6.1443023681640625,6.1443023681640625,6.846466064453125
40_r_t,G0_seed3407,query,detected,junction,958.0,686.0,1.910003662109375,2.73858642578125,7.5135955810546875
40_r_t,G0_seed3407,query,detected,junction,1269.0,686.0,1.910003662109375,1.910003662109375,16.235031127929688
40_r_t,G0_seed3407,query,detected,junction,702.0,690.0,0.9550018310546875,0.9550018310546875,3.279296875
40_r_t,G0_seed3407,query,detected,junction,1339.0,708.0,1.910003662109375,1.910003662109375,11.080764770507812
40_r_t,G0_seed3407,query,detected,junction,1896.0,708.0,1.910003662109375,2.73858642578125,1.910003662109375
40_r_t,G0_seed3407,query,detected,junction,1731.0,713.0,0.9550018310546875,3.279296875,10.540054321289062
40_r_t,G0_seed3407,query,detected,junction,850.0,720.0,2.73858642578125,2.73858642578125,6.1443023681640625
40_r_t,G0_seed3407,query,detected,junction,1387.0,720.0,0.9550018310546875,0.9550018310546875,8.882888793945312
40_r_t,G0_seed3407,query,detected,junction,1559.0,720.0,0.0,0.0,2.73858642578125
40_r_t,G0_seed3407,query,detected,junction,1042.0,724.0,3.6935882568359375,5.0628814697265625,3.6935882568359375
40_r_t,G0_seed3407,query,detected,junction,1144.0,724.0,1.910003662109375,7.927886962890625,4.648590087890625
40_r_t,G0_seed3407,query,detected,non_vessel,972.0,729.0,40.93865966796875,40.93865966796875,42.05511474609375
40_r_t,G0_seed3407,query,detected,junction,1238.0,729.0,1.910003662109375,5.189300537109375,3.82000732421875
40_r_t,G0_seed3407,query,detected,non_vessel,742.0,731.0,26.683700561523438,28.881576538085938,31.74658203125
40_r_t,G0_seed3407,query,detected,non_vessel,1643.0,740.0,48.465972900390625,51.029388427734375,50.61509704589844
40_r_t,G0_seed3407,query,detected,vessel_segment,1839.0,744.0,5.730010986328125,14.73931884765625,8.595016479492188
40_r_t,G0_seed3407,query,detected,junction,1066.0,751.0,1.910003662109375,1.910003662109375,6.846466064453125
40_r_t,G0_seed3407,query,detected,junction,1447.0,753.0,0.9550018310546875,4.2342987060546875,4.7750091552734375
40_r_t,G0_seed3407,query,detected,junction,526.0,760.0,3.279296875,4.648590087890625,5.6035919189453125
40_r_t,G0_seed3407,query,detected,non_vessel,887.0,760.0,48.465972900390625,49.2945556640625,48.465972900390625
40_r_t,G0_seed3407,query,detected,junction,1917.0,760.0,0.0,4.648590087890625,0.0
40_r_t,G0_seed3407,query,detected,non_vessel,1339.0,765.0,21.8736572265625,25.981536865234375,21.8736572265625
40_r_t,G0_seed3407,query,detected,non_vessel,634.0,774.0,14.233642578125,15.602935791015625,14.233642578125
40_r_t,G0_seed3407,query,detected,junction,1724.0,774.0,4.648590087890625,5.189300537109375,4.648590087890625
40_r_t,G0_seed3407,query,detected,junction,1785.0,774.0,2.73858642578125,2.73858642578125,26.683700561523438
40_r_t,G0_seed3407,query,detected,junction,1471.0,780.0,0.9550018310546875,0.9550018310546875,1.369293212890625
40_r_t,G0_seed3407,query,detected,junction,1606.0,783.0,2.73858642578125,7.5135955810546875,6.1443023681640625
40_r_t,G0_seed3407,query,detected,non_vessel,1002.0,787.0,25.405792236328125,28.685089111328125,27.3157958984375
40_r_t,G0_seed3407,query,detected,non_vessel,1680.0,787.0,15.729354858398438,20.377944946289062,15.729354858398438
40_r_t,G0_seed3407,query,detected,endpoint,1393.0,789.0,2.73858642578125,32.8280029296875,2.73858642578125
40_r_t,G0_seed3407,query,detected,junction,1069.0,794.0,0.0,0.0,4.2342987060546875
40_r_t,G0_seed3407,query,detected,junction,783.0,796.0,2.73858642578125,2.73858642578125,4.648590087890625
40_r_t,G0_seed3407,query,detected,junction,1873.0,796.0,3.6935882568359375,3.82000732421875,5.0628814697265625
40_r_t,G0_seed3407,query,detected,vessel_segment,1134.0,798.0,1.369293212890625,9.423599243164062,9.964309692382812
40_r_t,G0_seed3407,query,detected,junction,735.0,807.0,3.279296875,3.279296875,19.10003662109375
40_r_t,G0_seed3407,query,detected,endpoint,1198.0,821.0,7.927886962890625,12.0357666015625,7.927886962890625
40_r_t,G0_seed3407,query,detected,non_vessel,1501.0,828.0,25.026535034179688,28.305831909179688,26.936538696289062
40_r_t,G0_seed3407,query,detected,non_vessel,897.0,830.0,75.60659790039062,78.75947570800781,75.60659790039062
40_r_t,G0_seed3407,query,detected,non_vessel,1282.0,834.0,73.3660888671875,73.52754211425781,73.52754211425781
40_r_t,G0_seed3407,query,detected,junction,1640.0,834.0,5.0628814697265625,7.387176513671875,5.0628814697265625
40_r_t,G0_seed3407,query,detected,junction,1073.0,837.0,0.9550018310546875,0.9550018310546875,3.279296875
40_r_t,G0_seed3407,query,detected,junction,789.0,839.0,0.9550018310546875,3.6935882568359375,14.77435302734375
40_r_t,G0_seed3407,query,detected,junction,1137.0,841.0,1.369293212890625,1.369293212890625,1.369293212890625
40_r_t,G0_seed3407,query,detected,junction,1778.0,852.0,0.9550018310546875,0.9550018310546875,5.730010986328125
40_r_t,G0_seed3407,query,detected,non_vessel,1012.0,855.0,58.233795166015625,58.774505615234375,58.233795166015625
40_r_t,G0_seed3407,query,detected,junction,1842.0,855.0,0.0,3.6935882568359375,4.2342987060546875
40_r_t,G0_seed3407,query,detected,non_vessel,1363.0,859.0,74.25102233886719,95.91447448730469,74.37744140625
40_r_t,G0_seed3407,query,detected,non_vessel,1532.0,866.0,34.38006591796875,36.57794189453125,34.38006591796875
40_r_t,G0_seed3407,query,detected,junction,1063.0,870.0,6.01788330078125,6.01788330078125,7.6400146484375
40_r_t,G0_seed3407,query,detected,junction,820.0,886.0,1.369293212890625,1.910003662109375,1.369293212890625
40_r_t,G0_seed3407,query,detected,non_vessel,985.0,895.0,54.21730041503906,66.79377746582031,54.21730041503906
40_r_t,G0_seed3407,query,detected,junction,1748.0,897.0,4.2342987060546875,5.4771728515625,5.0628814697265625
40_r_t,G0_seed3407,query,detected,junction,904.0,909.0,0.9550018310546875,0.9550018310546875,2.73858642578125
40_r_t,G0_seed3407,query,detected,junction,691.0,911.0,4.2342987060546875,4.2342987060546875,17.892196655273438
40_r_t,G0_seed3407,query,detected,junction,1056.0,911.0,0.9550018310546875,0.9550018310546875,20.21649169921875
40_r_t,G0_seed3407,query,detected,junction,1225.0,918.0,3.279296875,3.279296875,5.189300537109375
40_r_t,G0_seed3407,query,detected,junction,1711.0,924.0,3.279296875,5.0628814697265625,6.9728851318359375
40_r_t,G0_seed3407,query,detected,junction,519.0,926.0,4.2342987060546875,6.846466064453125,4.2342987060546875
40_r_t,G0_seed3407,query,detected,junction,634.0,926.0,2.3242950439453125,2.3242950439453125,6.01788330078125
40_r_t,G0_seed3407,query,detected,junction,1113.0,926.0,1.910003662109375,2.3242950439453125,5.730010986328125
40_r_t,G0_seed3407,query,detected,junction,1906.0,931.0,0.9550018310546875,1.369293212890625,1.910003662109375
40_r_t,G0_seed3407,query,detected,junction,1164.0,936.0,0.0,0.0,1.369293212890625
40_r_t,G0_seed3407,query,detected,non_vessel,1525.0,936.0,22.793624877929688,24.162918090820312,22.793624877929688
40_r_t,G0_seed3407,query,detected,non_vessel,813.0,942.0,21.424331665039062,22.793624877929688,30.721511840820312
40_r_t,G0_seed3407,query,detected,junction,931.0,942.0,0.9550018310546875,2.3242950439453125,3.279296875
40_r_t,G0_seed3407,query,detected,junction,1215.0,956.0,0.0,6.55859375,6.01788330078125
40_r_t,G0_seed3407,query,detected,non_vessel,1063.0,972.0,31.74658203125,33.49513244628906,31.873001098632812
40_r_t,G0_seed3407,query,detected,endpoint,621.0,974.0,0.9550018310546875,12.415023803710938,5.0628814697265625
40_r_t,G0_seed3407,query,detected,junction,1144.0,985.0,0.9550018310546875,1.369293212890625,2.3242950439453125
40_r_t,G0_seed3407,query,detected,junction,796.0,990.0,1.369293212890625,7.927886962890625,1.369293212890625
40_r_t,G0_seed3407,query,detected,junction,1245.0,990.0,0.9550018310546875,0.9550018310546875,38.17875671386719
40_r_t,G0_seed3407,query,detected,junction,1670.0,990.0,2.8650054931640625,2.8650054931640625,6.846466064453125
40_r_t,G0_seed3407,query,detected,junction,850.0,996.0,2.73858642578125,5.0628814697265625,2.8650054931640625
40_r_t,G0_seed3407,query,detected,junction,965.0,1003.0,3.279296875,3.279296875,5.0628814697265625
40_r_t,G0_seed3407,query,detected,junction,1289.0,1007.0,2.3242950439453125,6.4321746826171875,2.73858642578125
40_r_t,G0_seed3407,query,detected,junction,1451.0,1012.0,6.01788330078125,6.01788330078125,27.224411010742188
40_r_t,G0_seed3407,query,detected,non_vessel,911.0,1014.0,15.729354858398438,20.25152587890625,15.729354858398438
40_r_t,G0_seed3407,query,detected,junction,1586.0,1026.0,0.9550018310546875,2.3242950439453125,0.9550018310546875
40_r_t,G0_seed3407,query,detected,junction,982.0,1035.0,0.9550018310546875,0.9550018310546875,21.459365844726562
40_r_t,G0_seed3407,query,detected,junction,1788.0,1035.0,2.73858642578125,2.8650054931640625,5.189300537109375
40_r_t,G0_seed3407,query,detected,junction,1731.0,1037.0,2.3242950439453125,2.8650054931640625,2.3242950439453125
40_r_t,G0_seed3407,query,detected,endpoint,1893.0,1039.0,5.189300537109375,9.29718017578125,5.189300537109375
40_r_t,G0_seed3407,query,detected,junction,850.0,1041.0,1.910003662109375,1.910003662109375,6.01788330078125
40_r_t,G0_seed3407,query,detected,junction,1987.0,1041.0,0.9550018310546875,0.9550018310546875,2.3242950439453125
40_r_t,G0_seed3407,query,detected,junction,796.0,1048.0,1.910003662109375,4.648590087890625,1.910003662109375
40_r_t,G0_seed3407,query,detected,junction,742.0,1055.0,3.6935882568359375,3.82000732421875,6.1443023681640625
40_r_t,G0_seed3407,query,detected,junction,1626.0,1055.0,2.8650054931640625,2.8650054931640625,8.882888793945312
40_r_t,G0_seed3407,query,detected,non_vessel,1407.0,1057.0,32.470062255859375,33.42506408691406,37.31513977050781
40_r_t,G0_seed3407,query,detected,junction,1144.0,1062.0,0.0,0.0,9.964309692382812
40_r_t,G0_seed3407,query,detected,junction,1505.0,1062.0,5.6035919189453125,5.730010986328125,6.4321746826171875
40_r_t,G0_seed3407,query,detected,junction,1356.0,1066.0,0.9550018310546875,0.9550018310546875,0.9550018310546875
40_r_t,G0_seed3407,query,detected,junction,1579.0,1066.0,1.910003662109375,1.910003662109375,2.73858642578125
40_r_t,G0_seed3407,query,detected,junction,837.0,1073.0,3.279296875,3.82000732421875,3.6935882568359375
40_r_t,G0_seed3407,query,detected,junction,1056.0,1073.0,2.3242950439453125,2.73858642578125,2.8650054931640625
40_r_t,G0_seed3407,query,detected,junction,1829.0,1077.0,0.0,0.0,6.4321746826171875
40_r_t,G0_seed3407,query,detected,junction,2038.0,1080.0,3.279296875,3.82000732421875,3.279296875
40_r_t,G0_seed3407,query,detected,non_vessel,1002.0,1086.0,22.37933349609375,27.982925415039062,23.334335327148438
40_r_t,G0_seed3407,query,detected,endpoint,911.0,1089.0,3.279296875,9.837890625,6.4321746826171875
40_r_t,G0_seed3407,query,detected,non_vessel,1491.0,1089.0,16.108612060546875,30.882965087890625,16.108612060546875
40_r_t,G0_seed3407,query,detected,junction,685.0,1095.0,4.2342987060546875,5.0628814697265625,5.189300537109375
40_r_t,G0_seed3407,query,detected,vessel_segment,1120.0,1100.0,5.4771728515625,9.29718017578125,8.882888793945312
40_r_t,G0_seed3407,query,detected,junction,1782.0,1100.0,0.0,1.910003662109375,4.648590087890625
40_r_t,G0_seed3407,query,detected,junction,1609.0,1104.0,1.910003662109375,1.910003662109375,5.730010986328125
40_r_t,G0_seed3407,query,detected,junction,1896.0,1118.0,1.910003662109375,5.189300537109375,8.7564697265625
40_r_t,G0_seed3407,query,detected,junction,1316.0,1122.0,1.369293212890625,1.369293212890625,35.62294006347656
40_r_t,G0_seed3407,query,detected,junction,1255.0,1127.0,3.279296875,6.1443023681640625,5.6035919189453125
40_r_t,G0_seed3407,query,detected,junction,813.0,1129.0,3.279296875,3.279296875,7.8014678955078125
40_r_t,G0_seed3407,query,detected,junction,1812.0,1134.0,0.9550018310546875,3.279296875,0.9550018310546875
40_r_t,G0_seed3407,query,detected,junction,1201.0,1136.0,0.9550018310546875,3.6935882568359375,3.279296875
40_r_t,G0_seed3407,query,detected,junction,1731.0,1136.0,2.3242950439453125,4.648590087890625,2.3242950439453125
40_r_t,G0_seed3407,query,detected,junction,1677.0,1138.0,0.9550018310546875,0.9550018310546875,5.189300537109375
40_r_t,G0_seed3407,query,detected,junction,1076.0,1140.0,2.3242950439453125,5.0628814697265625,2.3242950439453125
40_r_t,G0_seed3407,query,detected,junction,1998.0,1140.0,5.189300537109375,5.189300537109375,20.21649169921875
40_r_t,G0_seed3407,query,detected,junction,1636.0,1143.0,2.8650054931640625,2.8650054931640625,3.6935882568359375
40_r_t,G0_seed3407,query,detected,junction,1144.0,1145.0,1.910003662109375,7.8014678955078125,1.910003662109375
40_r_t,G0_seed3407,query,detected,junction,1437.0,1147.0,1.910003662109375,2.73858642578125,8.595016479492188
40_r_t,G0_seed3407,query,detected,junction,1944.0,1149.0,4.107879638671875,4.107879638671875,10.666473388671875
40_r_t,G0_seed3407,query,detected,junction,918.0,1158.0,0.9550018310546875,0.9550018310546875,37.65936279296875
40_r_t,G0_seed3407,query,detected,junction,1545.0,1158.0,1.910003662109375,1.910003662109375,9.837890625
40_r_t,G0_seed3407,query,detected,junction,1879.0,1158.0,0.0,0.0,3.279296875
40_r_t,G0_seed3407,query,detected,junction,803.0,1161.0,2.3242950439453125,2.73858642578125,2.3242950439453125
40_r_t,G0_seed3407,query,detected,junction,580.0,1163.0,0.9550018310546875,0.9550018310546875,1.910003662109375
40_r_t,G0_seed3407,query,detected,junction,742.0,1174.0,5.0628814697265625,5.0628814697265625,10.666473388671875
40_r_t,G0_seed3407,query,detected,junction,1771.0,1185.0,1.910003662109375,1.910003662109375,7.927886962890625
40_r_t,G0_seed3407,query,detected,junction,1994.0,1185.0,0.0,0.9550018310546875,4.648590087890625
40_r_t,G0_seed3407,query,detected,junction,1130.0,1190.0,2.3242950439453125,2.3242950439453125,15.602935791015625
40_r_t,G0_seed3407,query,detected,junction,1370.0,1190.0,3.279296875,3.279296875,3.6935882568359375
40_r_t,G0_seed3407,query,detected,junction,921.0,1197.0,0.9550018310546875,2.3242950439453125,13.945770263671875
40_r_t,G0_seed3407,query,detected,junction,1525.0,1197.0,1.910003662109375,1.910003662109375,5.0628814697265625
40_r_t,G0_seed3407,query,detected,junction,1458.0,1199.0,0.9550018310546875,3.6935882568359375,6.6850128173828125
40_r_t,G0_seed3407,query,detected,junction,1056.0,1206.0,0.9550018310546875,3.279296875,7.8014678955078125
40_r_t,G0_seed3407,query,detected,junction,766.0,1212.0,4.648590087890625,5.189300537109375,11.621475219726562
40_r_t,G0_seed3407,query,detected,junction,1292.0,1217.0,1.369293212890625,1.369293212890625,5.0628814697265625
40_r_t,G0_seed3407,query,detected,junction,1566.0,1221.0,2.3242950439453125,2.8650054931640625,11.909347534179688
40_r_t,G0_seed3407,query,detected,junction,995.0,1224.0,5.730010986328125,6.01788330078125,5.730010986328125
40_r_t,G0_seed3407,query,detected,junction,897.0,1226.0,2.73858642578125,2.73858642578125,5.0628814697265625
40_r_t,G0_seed3407,query,detected,junction,1755.0,1226.0,0.0,1.369293212890625,2.73858642578125
40_r_t,G0_seed3407,query,detected,junction,1353.0,1233.0,1.910003662109375,1.910003662109375,42.12518310546875
40_r_t,G0_seed3407,query,detected,junction,1080.0,1237.0,0.0,0.0,8.7564697265625
40_r_t,G0_seed3407,query,detected,non_vessel,1957.0,1239.0,10.125762939453125,10.125762939453125,16.270065307617188
40_r_t,G0_seed3407,query,detected,junction,1491.0,1248.0,2.3242950439453125,2.3242950439453125,4.2342987060546875
40_r_t,G0_seed3407,query,detected,junction,1636.0,1251.0,0.0,0.9550018310546875,2.3242950439453125
40_r_t,G0_seed3407,query,detected,endpoint,1819.0,1255.0,2.3242950439453125,15.729354858398438,2.3242950439453125
40_r_t,G0_seed3407,query,detected,junction,705.0,1262.0,5.189300537109375,5.189300537109375,8.342178344726562
40_r_t,G0_seed3407,query,detected,junction,1174.0,1262.0,2.3242950439453125,2.3242950439453125,6.01788330078125
40_r_t,G0_seed3407,query,detected,junction,978.0,1266.0,4.2342987060546875,6.846466064453125,4.2342987060546875
40_r_t,G0_seed3407,query,detected,junction,1721.0,1271.0,1.910003662109375,4.7750091552734375,3.6935882568359375
40_r_t,G0_seed3407,query,detected,junction,1123.0,1275.0,0.0,1.369293212890625,1.910003662109375
40_r_t,G0_seed3407,query,detected,junction,1866.0,1275.0,0.9550018310546875,2.3242950439453125,6.01788330078125
40_r_t,G0_seed3407,query,detected,junction,1336.0,1278.0,3.6935882568359375,3.6935882568359375,6.01788330078125
40_r_t,G0_seed3407,query,detected,junction,1397.0,1291.0,2.3242950439453125,2.3242950439453125,4.648590087890625
40_r_t,G0_seed3407,query,detected,junction,826.0,1293.0,1.369293212890625,1.369293212890625,7.387176513671875
40_r_t,G0_seed3407,query,detected,junction,1019.0,1305.0,0.9550018310546875,5.0628814697265625,7.8014678955078125
40_r_t,G0_seed3407,query,detected,junction,1508.0,1309.0,0.0,0.0,6.1443023681640625
40_r_t,G0_seed3407,query,detected,non_vessel,668.0,1311.0,26.142990112304688,29.295867919921875,26.142990112304688
40_r_t,G0_seed3407,query,detected,junction,1215.0,1329.0,1.369293212890625,1.910003662109375,1.369293212890625
40_r_t,G0_seed3407,query,detected,non_vessel,965.0,1334.0,8.882888793945312,9.585052490234375,10.666473388671875
40_r_t,G0_seed3407,query,detected,junction,1282.0,1336.0,2.3242950439453125,2.8650054931640625,20.630783081054688
40_r_t,G0_seed3407,query,detected,junction,1123.0,1338.0,0.9550018310546875,1.910003662109375,1.369293212890625
40_r_t,G0_seed3407,query,detected,junction,1417.0,1338.0,3.6935882568359375,3.6935882568359375,16.649322509765625
40_r_t,G0_seed3407,query,detected,junction,1674.0,1341.0,1.369293212890625,1.369293212890625,12.990768432617188
40_r_t,G0_seed3407,query,detected,junction,1049.0,1343.0,1.369293212890625,3.279296875,5.6035919189453125
40_r_t,G0_seed3407,query,detected,junction,1613.0,1347.0,0.0,0.0,3.279296875
40_r_t,G0_seed3407,query,detected,junction,1147.0,1372.0,0.0,0.0,3.6935882568359375
40_r_t,G0_seed3407,query,detected,junction,1353.0,1372.0,2.3242950439453125,2.3242950439453125,12.415023803710938
40_r_t,G0_seed3407,query,detected,junction,772.0,1374.0,2.3242950439453125,5.0628814697265625,3.279296875
40_r_t,G0_seed3407,query,detected,junction,1758.0,1374.0,1.910003662109375,1.910003662109375,3.279296875
40_r_t,G0_seed3407,query,detected,junction,853.0,1383.0,2.73858642578125,6.1443023681640625,2.8650054931640625
40_r_t,G0_seed3407,query,detected,junction,1252.0,1386.0,0.9550018310546875,0.9550018310546875,8.882888793945312
40_r_t,G0_seed3407,query,detected,junction,965.0,1401.0,0.9550018310546875,0.9550018310546875,7.09930419921875
40_r_t,G0_seed3407,query,detected,junction,1414.0,1401.0,0.9550018310546875,3.279296875,1.910003662109375
40_r_t,G0_seed3407,query,detected,junction,1090.0,1408.0,0.9550018310546875,3.6935882568359375,9.711471557617188
40_r_t,G0_seed3407,query,detected,junction,1164.0,1413.0,4.648590087890625,5.730010986328125,4.648590087890625
40_r_t,G0_seed3407,query,detected,junction,1339.0,1415.0,0.9550018310546875,1.910003662109375,6.01788330078125
40_r_t,G0_seed3407,query,detected,junction,1694.0,1415.0,0.9550018310546875,0.9550018310546875,1.910003662109375
40_r_t,G0_seed3407,query,detected,endpoint,1566.0,1424.0,2.3242950439453125,11.080764770507812,2.8650054931640625
40_r_t,G0_seed3407,query,detected,junction,1630.0,1433.0,4.648590087890625,6.01788330078125,4.7750091552734375
40_r_t,G0_seed3407,query,detected,junction,961.0,1437.0,1.910003662109375,3.6935882568359375,3.6935882568359375
40_r_t,G0_seed3407,query,detected,junction,1289.0,1440.0,2.3242950439453125,2.8650054931640625,2.3242950439453125
40_r_t,G0_seed3407,query,detected,junction,1103.0,1444.0,2.3242950439453125,4.648590087890625,6.55859375
40_r_t,G0_seed3407,query,detected,junction,1444.0,1444.0,1.910003662109375,3.279296875,1.910003662109375
40_r_t,G0_seed3407,query,detected,non_vessel,1377.0,1455.0,21.965042114257812,24.289337158203125,30.847930908203125
40_r_t,G0_seed3407,query,detected,junction,1626.0,1471.0,2.8650054931640625,2.8650054931640625,4.107879638671875
40_r_t,G0_seed3407,query,detected,junction,1123.0,1482.0,3.279296875,4.107879638671875,5.4771728515625
40_r_t,G0_seed3407,query,detected,junction,1744.0,1491.0,1.369293212890625,6.55859375,1.910003662109375
40_r_t,G0_seed3407,query,detected,non_vessel,958.0,1496.0,43.494476318359375,43.494476318359375,48.14306640625
40_r_t,G0_seed3407,query,detected,junction,1326.0,1496.0,0.0,2.3242950439453125,0.0
40_r_t,G0_seed3407,query,detected,junction,1596.0,1507.0,2.8650054931640625,4.7750091552734375,13.65789794921875
40_r_t,G0_seed3407,query,detected,junction,1127.0,1536.0,3.82000732421875,4.107879638671875,15.694320678710938
40_r_t,G0_seed3407,query,detected,non_vessel,1346.0,1536.0,9.29718017578125,10.125762939453125,9.29718017578125
40_r_t,G0_seed3407,query,detected,endpoint,1508.0,1536.0,7.5135955810546875,10.252182006835938,7.5135955810546875
40_r_t,G0_seed3407,query,detected,junction,1420.0,1543.0,2.3242950439453125,2.3242950439453125,4.2342987060546875
40_r_t,G0_seed3407,query,detected,non_vessel,945.0,1554.0,75.493896484375,75.90818786621094,81.09748840332031
40_r_t,G0_seed3407,query,detected,non_vessel,1609.0,1572.0,47.44090270996094,48.81019592285156,47.44090270996094
40_r_t,G0_seed3407,query,detected,junction,1292.0,1575.0,3.6935882568359375,4.648590087890625,5.189300537109375
40_r_t,G0_seed3407,query,detected,junction,1113.0,1606.0,4.7750091552734375,7.09930419921875,11.207183837890625
40_r_t,G0_seed3407,query,detected,junction,1383.0,1631.0,2.3242950439453125,5.0628814697265625,2.3242950439453125
40_r_t,G0_seed3407,refer,detected,non_vessel,1009.0,67.0,17.225067138671875,22.863693237304688,17.225067138671875
40_r_t,G0_seed3407,refer,detected,non_vessel,1211.0,67.0,10.37860107421875,11.747894287109375,10.37860107421875
40_r_t,G0_seed3407,refer,detected,non_vessel,1377.0,67.0,13.819351196289062,19.296524047851562,13.819351196289062
40_r_t,G0_seed3407,refer,detected,non_vessel,1677.0,69.0,135.567626953125,135.6940460205078,135.567626953125
40_r_t,G0_seed3407,refer,detected,non_vessel,1582.0,78.0,45.02522277832031,45.02522277832031,45.31309509277344
40_r_t,G0_seed3407,refer,detected,junction,1299.0,110.0,3.279296875,3.82000732421875,4.107879638671875
40_r_t,G0_seed3407,refer,detected,non_vessel,1674.0,112.0,114.88809204101562,115.01451110839844,114.88809204101562
40_r_t,G0_seed3407,refer,detected,junction,1167.0,119.0,1.369293212890625,1.369293212890625,10.666473388671875
40_r_t,G0_seed3407,refer,detected,non_vessel,1967.0,132.0,262.489990234375,263.85931396484375,263.03070068359375
40_r_t,G0_seed3407,refer,detected,non_vessel,1066.0,135.0,34.89945983886719,36.395172119140625,34.89945983886719
40_r_t,G0_seed3407,refer,detected,non_vessel,813.0,148.0,69.25820922851562,72.2496337890625,74.88311767578125
40_r_t,G0_seed3407,refer,detected,junction,1326.0,155.0,2.3242950439453125,2.3242950439453125,5.189300537109375
40_r_t,G0_seed3407,refer,detected,non_vessel,1262.0,162.0,8.054306030273438,11.747894287109375,9.711471557617188
40_r_t,G0_seed3407,refer,detected,junction,1191.0,173.0,2.3242950439453125,2.3242950439453125,5.730010986328125
40_r_t,G0_seed3407,refer,detected,non_vessel,789.0,182.0,69.47601318359375,71.80030822753906,71.25959777832031
40_r_t,G0_seed3407,refer,detected,junction,955.0,186.0,0.9550018310546875,2.3242950439453125,1.369293212890625
40_r_t,G0_seed3407,refer,detected,junction,874.0,189.0,3.6935882568359375,3.6935882568359375,13.405059814453125
40_r_t,G0_seed3407,refer,detected,junction,1066.0,189.0,3.279296875,5.0628814697265625,5.6035919189453125
40_r_t,G0_seed3407,refer,detected,non_vessel,1400.0,191.0,15.729354858398438,18.180068969726562,15.729354858398438
40_r_t,G0_seed3407,refer,detected,non_vessel,1657.0,191.0,69.79891967773438,70.75392150878906,81.58944702148438
40_r_t,G0_seed3407,refer,detected,non_vessel,1444.0,193.0,24.450790405273438,27.3157958984375,24.450790405273438
40_r_t,G0_seed3407,refer,detected,non_vessel,1717.0,220.0,31.802932739257812,31.802932739257812,35.784393310546875
40_r_t,G0_seed3407,refer,detected,non_vessel,1019.0,224.0,12.0357666015625,14.233642578125,15.729354858398438
40_r_t,G0_seed3407,refer,detected,non_vessel,698.0,234.0,77.78315734863281,81.35032653808594,77.78315734863281
40_r_t,G0_seed3407,refer,detected,junction,951.0,238.0,1.369293212890625,1.910003662109375,1.369293212890625
40_r_t,G0_seed3407,refer,detected,endpoint,1215.0,243.0,6.846466064453125,8.21575927734375,6.846466064453125
40_r_t,G0_seed3407,refer,detected,junction,1599.0,247.0,3.82000732421875,3.82000732421875,5.0628814697265625
40_r_t,G0_seed3407,refer,detected,non_vessel,1933.0,256.0,173.9779052734375,174.9329071044922,174.44094848632812
40_r_t,G0_seed3407,refer,detected,junction,1552.0,261.0,1.910003662109375,4.648590087890625,1.910003662109375
40_r_t,G0_seed3407,refer,detected,non_vessel,708.0,267.0,59.83460998535156,70.29087829589844,59.83460998535156
40_r_t,G0_seed3407,refer,detected,non_vessel,810.0,270.0,12.450057983398438,15.062225341796875,13.243606567382812
40_r_t,G0_seed3407,refer,detected,non_vessel,1312.0,272.0,16.108612060546875,16.649322509765625,53.838043212890625
40_r_t,G0_seed3407,refer,detected,junction,1643.0,272.0,0.9550018310546875,5.189300537109375,1.910003662109375
40_r_t,G0_seed3407,refer,detected,junction,1225.0,279.0,0.9550018310546875,0.9550018310546875,4.2342987060546875
40_r_t,G0_seed3407,refer,detected,junction,617.0,285.0,3.279296875,4.107879638671875,6.6850128173828125
40_r_t,G0_seed3407,refer,detected,endpoint,894.0,285.0,7.927886962890625,10.666473388671875,7.927886962890625
40_r_t,G0_seed3407,refer,detected,non_vessel,553.0,290.0,12.0357666015625,13.405059814453125,12.0357666015625
40_r_t,G0_seed3407,refer,detected,endpoint,1437.0,292.0,0.0,15.85577392578125,0.0
40_r_t,G0_seed3407,refer,detected,non_vessel,1542.0,301.0,35.749359130859375,38.68443298339844,35.749359130859375
40_r_t,G0_seed3407,refer,detected,non_vessel,1616.0,308.0,11.874313354492188,13.243606567382812,11.874313354492188
40_r_t,G0_seed3407,refer,detected,junction,1150.0,317.0,3.82000732421875,3.82000732421875,13.278640747070312
40_r_t,G0_seed3407,refer,detected,junction,965.0,319.0,0.9550018310546875,2.3242950439453125,0.9550018310546875
40_r_t,G0_seed3407,refer,detected,non_vessel,1046.0,324.0,27.603668212890625,28.97296142578125,27.603668212890625
40_r_t,G0_seed3407,refer,detected,non_vessel,725.0,326.0,25.279373168945312,26.936538696289062,25.279373168945312
40_r_t,G0_seed3407,refer,detected,junction,1744.0,326.0,1.910003662109375,6.4321746826171875,5.189300537109375
40_r_t,G0_seed3407,refer,detected,junction,1404.0,328.0,2.3242950439453125,4.2342987060546875,2.3242950439453125
40_r_t,G0_seed3407,refer,detected,non_vessel,1879.0,333.0,90.97041320800781,92.33970642089844,90.97041320800781
40_r_t,G0_seed3407,refer,detected,non_vessel,2041.0,333.0,71.85665893554688,73.2259521484375,92.77531433105469
40_r_t,G0_seed3407,refer,detected,non_vessel,772.0,335.0,52.791656494140625,54.21730041503906,52.791656494140625
40_r_t,G0_seed3407,refer,detected,junction,1296.0,339.0,6.4321746826171875,7.387176513671875,6.9728851318359375
40_r_t,G0_seed3407,refer,detected,junction,1461.0,342.0,6.55859375,6.6850128173828125,12.0357666015625
40_r_t,G0_seed3407,refer,detected,non_vessel,1653.0,342.0,27.3858642578125,45.9451904296875,30.791580200195312
40_r_t,G0_seed3407,refer,detected,junction,837.0,351.0,1.910003662109375,2.3242950439453125,3.279296875
40_r_t,G0_seed3407,refer,detected,junction,614.0,353.0,3.279296875,5.189300537109375,6.1443023681640625
40_r_t,G0_seed3407,refer,detected,junction,1562.0,357.0,2.8650054931640625,5.0628814697265625,3.6935882568359375
40_r_t,G0_seed3407,refer,detected,junction,1717.0,357.0,3.279296875,3.279296875,4.648590087890625
40_r_t,G0_seed3407,refer,detected,junction,1164.0,360.0,0.9550018310546875,0.9550018310546875,0.9550018310546875
40_r_t,G0_seed3407,refer,detected,non_vessel,675.0,366.0,22.37933349609375,23.748626708984375,22.667205810546875
40_r_t,G0_seed3407,refer,detected,junction,1066.0,375.0,2.8650054931640625,4.107879638671875,11.46002197265625
40_r_t,G0_seed3407,refer,detected,junction,1225.0,378.0,1.910003662109375,1.910003662109375,3.6935882568359375
40_r_t,G0_seed3407,refer,detected,junction,1427.0,378.0,1.369293212890625,4.2342987060546875,2.8650054931640625
40_r_t,G0_seed3407,refer,detected,junction,1491.0,382.0,2.8650054931640625,3.6935882568359375,10.252182006835938
40_r_t,G0_seed3407,refer,detected,non_vessel,901.0,387.0,19.7108154296875,21.712203979492188,19.7108154296875
40_r_t,G0_seed3407,refer,detected,junction,965.0,400.0,2.73858642578125,5.189300537109375,3.6935882568359375
40_r_t,G0_seed3407,refer,detected,junction,1282.0,402.0,1.369293212890625,1.369293212890625,13.1171875
40_r_t,G0_seed3407,refer,detected,junction,1765.0,402.0,2.73858642578125,2.73858642578125,2.8650054931640625
40_r_t,G0_seed3407,refer,detected,non_vessel,425.0,409.0,124.73970031738281,125.15399169921875,147.7298126220703
40_r_t,G0_seed3407,refer,detected,non_vessel,1923.0,409.0,60.59312438964844,61.13383483886719,60.59312438964844
40_r_t,G0_seed3407,refer,detected,endpoint,583.0,411.0,7.387176513671875,8.7564697265625,7.387176513671875
40_r_t,G0_seed3407,refer,detected,junction,637.0,411.0,2.3242950439453125,4.107879638671875,2.3242950439453125
40_r_t,G0_seed3407,refer,detected,non_vessel,1353.0,411.0,15.280029296875,15.280029296875,15.85577392578125
40_r_t,G0_seed3407,refer,detected,junction,1572.0,418.0,0.0,0.9550018310546875,1.369293212890625
40_r_t,G0_seed3407,refer,detected,non_vessel,735.0,432.0,13.243606567382812,15.441482543945312,15.567901611328125
40_r_t,G0_seed3407,refer,detected,non_vessel,2008.0,432.0,15.441482543945312,17.765777587890625,15.441482543945312
40_r_t,G0_seed3407,refer,detected,junction,864.0,434.0,6.55859375,7.8014678955078125,6.55859375
40_r_t,G0_seed3407,refer,detected,junction,1822.0,441.0,5.730010986328125,6.4321746826171875,12.323638916015625
40_r_t,G0_seed3407,refer,detected,non_vessel,546.0,447.0,50.14445495605469,52.12452697753906,50.14445495605469
40_r_t,G0_seed3407,refer,detected,junction,999.0,447.0,5.730010986328125,6.6850128173828125,6.55859375
40_r_t,G0_seed3407,refer,detected,junction,1738.0,447.0,2.73858642578125,2.73858642578125,5.6035919189453125
40_r_t,G0_seed3407,refer,detected,junction,651.0,449.0,1.369293212890625,4.7750091552734375,5.0628814697265625
40_r_t,G0_seed3407,refer,detected,junction,1211.0,454.0,5.6035919189453125,7.387176513671875,5.6035919189453125
40_r_t,G0_seed3407,refer,detected,non_vessel,1086.0,456.0,17.604324340820312,18.559326171875,19.008651733398438
40_r_t,G0_seed3407,refer,detected,vessel_segment,1879.0,468.0,4.107879638671875,11.333602905273438,16.143646240234375
40_r_t,G0_seed3407,refer,detected,non_vessel,1967.0,474.0,20.539398193359375,26.142990112304688,20.539398193359375
40_r_t,G0_seed3407,refer,detected,junction,1333.0,479.0,2.3242950439453125,3.6935882568359375,3.279296875
40_r_t,G0_seed3407,refer,detected,non_vessel,388.0,481.0,87.5296630859375,88.48466491699219,108.35693359375
40_r_t,G0_seed3407,refer,detected,non_vessel,2122.0,481.0,96.68670654296875,96.68670654296875,96.81312561035156
40_r_t,G0_seed3407,refer,detected,junction,1157.0,483.0,1.369293212890625,4.2342987060546875,2.8650054931640625
40_r_t,G0_seed3407,refer,detected,non_vessel,918.0,490.0,28.881576538085938,30.6651611328125,32.16087341308594
40_r_t,G0_seed3407,refer,detected,non_vessel,2025.0,490.0,8.882888793945312,9.837890625,8.882888793945312
40_r_t,G0_seed3407,refer,detected,junction,668.0,492.0,4.107879638671875,4.2342987060546875,7.387176513671875
40_r_t,G0_seed3407,refer,detected,junction,830.0,492.0,4.107879638671875,4.107879638671875,8.595016479492188
40_r_t,G0_seed3407,refer,detected,junction,1542.0,492.0,4.2342987060546875,5.0628814697265625,9.009307861328125
40_r_t,G0_seed3407,refer,detected,junction,1626.0,492.0,3.82000732421875,4.648590087890625,3.82000732421875
40_r_t,G0_seed3407,refer,detected,junction,1458.0,495.0,2.3242950439453125,4.107879638671875,3.82000732421875
40_r_t,G0_seed3407,refer,detected,non_vessel,614.0,499.0,36.70436096191406,48.23445129394531,36.70436096191406
40_r_t,G0_seed3407,refer,detected,junction,1275.0,506.0,1.369293212890625,1.910003662109375,6.55859375
40_r_t,G0_seed3407,refer,detected,junction,1937.0,506.0,2.3242950439453125,4.648590087890625,5.0628814697265625
40_r_t,G0_seed3407,refer,detected,junction,999.0,508.0,4.648590087890625,6.9728851318359375,10.125762939453125
40_r_t,G0_seed3407,refer,detected,junction,860.0,522.0,5.189300537109375,5.189300537109375,6.9728851318359375
40_r_t,G0_seed3407,refer,detected,junction,2035.0,526.0,0.0,7.5135955810546875,0.0
40_r_t,G0_seed3407,refer,detected,junction,462.0,528.0,1.910003662109375,1.910003662109375,18.755813598632812
40_r_t,G0_seed3407,refer,detected,junction,1809.0,528.0,2.8650054931640625,3.82000732421875,3.6935882568359375
40_r_t,G0_seed3407,refer,detected,non_vessel,681.0,531.0,17.604324340820312,18.973617553710938,17.604324340820312
40_r_t,G0_seed3407,refer,detected,junction,1343.0,533.0,1.910003662109375,3.279296875,3.6935882568359375
40_r_t,G0_seed3407,refer,detected,non_vessel,729.0,535.0,53.45878601074219,53.45878601074219,53.99949645996094
40_r_t,G0_seed3407,refer,detected,junction,1620.0,535.0,1.369293212890625,2.8650054931640625,1.369293212890625
40_r_t,G0_seed3407,refer,detected,junction,1876.0,535.0,1.369293212890625,1.369293212890625,2.3242950439453125
40_r_t,G0_seed3407,refer,detected,non_vessel,634.0,540.0,17.063613891601562,47.925262451171875,17.4779052734375
40_r_t,G0_seed3407,refer,detected,non_vessel,921.0,542.0,44.000152587890625,45.116607666015625,44.000152587890625
40_r_t,G0_seed3407,refer,detected,junction,1420.0,544.0,4.2342987060546875,7.09930419921875,5.730010986328125
40_r_t,G0_seed3407,refer,detected,junction,783.0,551.0,2.73858642578125,2.73858642578125,14.360061645507812
40_r_t,G0_seed3407,refer,detected,junction,1100.0,551.0,1.369293212890625,1.369293212890625,9.550018310546875
40_r_t,G0_seed3407,refer,detected,junction,1228.0,553.0,0.9550018310546875,2.3242950439453125,0.9550018310546875
40_r_t,G0_seed3407,refer,detected,junction,492.0,562.0,0.0,4.648590087890625,1.369293212890625
40_r_t,G0_seed3407,refer,detected,junction,1012.0,564.0,1.910003662109375,3.6935882568359375,1.910003662109375
40_r_t,G0_seed3407,refer,detected,non_vessel,1974.0,564.0,14.612899780273438,15.982192993164062,14.612899780273438
40_r_t,G0_seed3407,refer,detected,junction,1744.0,567.0,2.8650054931640625,2.8650054931640625,5.189300537109375
40_r_t,G0_seed3407,refer,detected,non_vessel,695.0,569.0,58.86589050292969,59.40660095214844,58.86589050292969
40_r_t,G0_seed3407,refer,detected,non_vessel,860.0,576.0,45.840087890625,45.840087890625,46.95654296875
40_r_t,G0_seed3407,refer,detected,junction,1812.0,576.0,3.279296875,3.279296875,34.773040771484375
40_r_t,G0_seed3407,refer,detected,non_vessel,2045.0,578.0,9.423599243164062,10.505020141601562,9.423599243164062
40_r_t,G0_seed3407,refer,detected,junction,1471.0,580.0,2.3242950439453125,7.5135955810546875,2.3242950439453125
40_r_t,G0_seed3407,refer,detected,junction,1316.0,582.0,0.9550018310546875,0.9550018310546875,4.2342987060546875
40_r_t,G0_seed3407,refer,detected,endpoint,2112.0,582.0,5.6035919189453125,18.01861572265625,5.6035919189453125
40_r_t,G0_seed3407,refer,detected,non_vessel,921.0,585.0,14.612899780273438,18.432907104492188,14.612899780273438
40_r_t,G0_seed3407,refer,detected,junction,1660.0,585.0,0.9550018310546875,0.9550018310546875,4.107879638671875
40_r_t,G0_seed3407,refer,detected,junction,1400.0,596.0,2.73858642578125,2.73858642578125,6.1443023681640625
40_r_t,G0_seed3407,refer,detected,junction,1157.0,598.0,1.369293212890625,1.369293212890625,11.207183837890625
40_r_t,G0_seed3407,refer,detected,non_vessel,661.0,605.0,33.83935546875,34.667938232421875,33.83935546875
40_r_t,G0_seed3407,refer,detected,junction,1944.0,605.0,3.279296875,4.648590087890625,5.189300537109375
40_r_t,G0_seed3407,refer,detected,junction,1589.0,609.0,5.6035919189453125,6.1443023681640625,5.6035919189453125
40_r_t,G0_seed3407,refer,detected,non_vessel,577.0,612.0,9.964309692382812,10.505020141601562,19.514328002929688
40_r_t,G0_seed3407,refer,detected,non_vessel,978.0,614.0,36.935882568359375,37.35017395019531,38.71946716308594
40_r_t,G0_seed3407,refer,detected,junction,1859.0,614.0,1.910003662109375,3.279296875,2.73858642578125
40_r_t,G0_seed3407,refer,detected,non_vessel,803.0,625.0,58.9923095703125,60.867279052734375,58.9923095703125
40_r_t,G0_seed3407,refer,detected,junction,2001.0,627.0,0.0,0.0,1.910003662109375
40_r_t,G0_seed3407,refer,detected,non_vessel,874.0,630.0,78.14109802246094,81.96110534667969,78.14109802246094
40_r_t,G0_seed3407,refer,detected,junction,1329.0,630.0,0.9550018310546875,1.910003662109375,3.6935882568359375
40_r_t,G0_seed3407,refer,detected,junction,1522.0,634.0,2.73858642578125,2.73858642578125,6.9728851318359375
40_r_t,G0_seed3407,refer,detected,non_vessel,675.0,639.0,11.874313354492188,16.649322509765625,11.874313354492188
40_r_t,G0_seed3407,refer,detected,junction,1404.0,639.0,1.910003662109375,1.910003662109375,10.666473388671875
40_r_t,G0_seed3407,refer,detected,junction,1795.0,639.0,4.2342987060546875,5.0628814697265625,11.909347534179688
40_r_t,G0_seed3407,refer,detected,non_vessel,732.0,641.0,10.792892456054688,15.982192993164062,12.57647705078125
40_r_t,G0_seed3407,refer,detected,junction,1940.0,641.0,6.6850128173828125,6.6850128173828125,12.0357666015625
40_r_t,G0_seed3407,refer,detected,non_vessel,1609.0,643.0,33.42506408691406,33.42506408691406,34.54151916503906
40_r_t,G0_seed3407,refer,detected,non_vessel,334.0,650.0,172.896484375,173.61236572265625,174.58868408203125
40_r_t,G0_seed3407,refer,detected,junction,1852.0,652.0,1.910003662109375,6.01788330078125,26.360794067382812
40_r_t,G0_seed3407,refer,detected,non_vessel,2068.0,652.0,27.3157958984375,28.685089111328125,27.3157958984375
40_r_t,G0_seed3407,refer,detected,non_vessel,921.0,654.0,74.56021118164062,76.21737670898438,74.56021118164062
40_r_t,G0_seed3407,refer,detected,junction,1086.0,654.0,3.82000732421875,4.107879638671875,6.1443023681640625
40_r_t,G0_seed3407,refer,detected,junction,1137.0,661.0,1.910003662109375,1.910003662109375,5.730010986328125
40_r_t,G0_seed3407,refer,detected,non_vessel,1464.0,661.0,9.964309692382812,10.505020141601562,29.640090942382812
40_r_t,G0_seed3407,refer,detected,junction,1728.0,661.0,1.369293212890625,1.910003662109375,1.910003662109375
40_r_t,G0_seed3407,refer,detected,junction,641.0,672.0,0.9550018310546875,5.6035919189453125,4.2342987060546875
40_r_t,G0_seed3407,refer,detected,endpoint,1417.0,677.0,1.369293212890625,18.720779418945312,2.73858642578125
40_r_t,G0_seed3407,refer,detected,junction,1542.0,677.0,0.9550018310546875,0.9550018310546875,3.6935882568359375
40_r_t,G0_seed3407,refer,detected,junction,1620.0,686.0,2.73858642578125,3.6935882568359375,11.080764770507812
40_r_t,G0_seed3407,refer,detected,junction,698.0,688.0,5.0628814697265625,5.0628814697265625,8.595016479492188
40_r_t,G0_seed3407,refer,detected,junction,2004.0,688.0,2.8650054931640625,4.107879638671875,8.7564697265625
40_r_t,G0_seed3407,refer,detected,endpoint,769.0,690.0,2.3242950439453125,8.7564697265625,2.3242950439453125
40_r_t,G0_seed3407,refer,detected,junction,1819.0,693.0,0.0,0.0,1.910003662109375
40_r_t,G0_seed3407,refer,detected,junction,1177.0,695.0,1.369293212890625,1.910003662109375,1.369293212890625
40_r_t,G0_seed3407,refer,detected,non_vessel,543.0,697.0,64.35678100585938,65.31178283691406,73.52754211425781
40_r_t,G0_seed3407,refer,detected,non_vessel,999.0,697.0,57.763153076171875,60.91603088378906,57.763153076171875
40_r_t,G0_seed3407,refer,detected,junction,1248.0,702.0,1.910003662109375,1.910003662109375,16.649322509765625
40_r_t,G0_seed3407,refer,detected,junction,1751.0,704.0,0.9550018310546875,2.3242950439453125,1.369293212890625
40_r_t,G0_seed3407,refer,detected,junction,1086.0,706.0,4.7750091552734375,4.7750091552734375,6.01788330078125
40_r_t,G0_seed3407,refer,detected,endpoint,1933.0,706.0,6.846466064453125,9.423599243164062,7.5135955810546875
40_r_t,G0_seed3407,refer,detected,non_vessel,1873.0,713.0,18.5943603515625,19.963653564453125,18.5943603515625
40_r_t,G0_seed3407,refer,detected,non_vessel,1323.0,722.0,10.9193115234375,13.65789794921875,10.9193115234375
40_r_t,G0_seed3407,refer,detected,non_vessel,759.0,738.0,38.46662902832031,42.28663635253906,42.918731689453125
40_r_t,G0_seed3407,refer,detected,junction,1204.0,738.0,0.9550018310546875,5.4771728515625,0.9550018310546875
40_r_t,G0_seed3407,refer,detected,junction,1782.0,738.0,0.9550018310546875,0.9550018310546875,3.279296875
40_r_t,G0_seed3407,refer,detected,junction,482.0,742.0,4.648590087890625,6.4321746826171875,4.648590087890625
40_r_t,G0_seed3407,refer,detected,junction,648.0,744.0,1.910003662109375,1.910003662109375,7.927886962890625
40_r_t,G0_seed3407,refer,detected,non_vessel,806.0,744.0,54.86311340332031,56.23240661621094,54.86311340332031
40_r_t,G0_seed3407,refer,detected,junction,708.0,747.0,3.82000732421875,5.189300537109375,3.82000732421875
40_r_t,G0_seed3407,refer,detected,junction,1927.0,751.0,2.3242950439453125,2.3242950439453125,13.784317016601562
40_r_t,G0_seed3407,refer,detected,junction,1113.0,756.0,1.910003662109375,1.910003662109375,3.279296875
40_r_t,G0_seed3407,refer,detected,endpoint,1407.0,765.0,0.9550018310546875,8.342178344726562,0.9550018310546875
40_r_t,G0_seed3407,refer,detected,junction,2109.0,765.0,3.6935882568359375,7.6400146484375,3.6935882568359375
40_r_t,G0_seed3407,refer,detected,non_vessel,567.0,767.0,24.991500854492188,26.360794067382812,24.991500854492188
40_r_t,G0_seed3407,refer,detected,non_vessel,1623.0,769.0,60.08744812011719,63.36674499511719,61.99745178222656
40_r_t,G0_seed3407,refer,detected,non_vessel,1528.0,774.0,73.65396118164062,74.89683532714844,75.43754577636719
40_r_t,G0_seed3407,refer,detected,junction,739.0,789.0,2.73858642578125,2.8650054931640625,9.423599243164062
40_r_t,G0_seed3407,refer,detected,non_vessel,1336.0,789.0,58.0159912109375,77.08099365234375,61.99745178222656
40_r_t,G0_seed3407,refer,detected,non_vessel,1049.0,792.0,53.402435302734375,54.89814758300781,53.402435302734375
40_r_t,G0_seed3407,refer,detected,non_vessel,691.0,794.0,20.918655395507812,23.657241821289062,20.918655395507812
40_r_t,G0_seed3407,refer,detected,non_vessel,1221.0,794.0,15.062225341796875,15.062225341796875,15.85577392578125
40_r_t,G0_seed3407,refer,detected,non_vessel,1154.0,796.0,8.595016479492188,8.595016479492188,8.882888793945312
40_r_t,G0_seed3407,refer,detected,junction,600.0,805.0,2.73858642578125,2.73858642578125,6.4321746826171875
40_r_t,G0_seed3407,refer,detected,non_vessel,840.0,805.0,60.57940673828125,61.53440856933594,62.90370178222656
40_r_t,G0_seed3407,refer,detected,non_vessel,928.0,807.0,65.02391052246094,65.97891235351562,78.59042358398438
40_r_t,G0_seed3407,refer,detected,non_vessel,1285.0,821.0,50.72019958496094,54.25233459472656,50.72019958496094
40_r_t,G0_seed3407,refer,detected,non_vessel,1410.0,823.0,28.523635864257812,30.847930908203125,28.523635864257812
40_r_t,G0_seed3407,refer,detected,non_vessel,1471.0,823.0,39.3865966796875,43.08018493652344,39.3865966796875
40_r_t,G0_seed3407,refer,detected,non_vessel,462.0,825.0,43.90876770019531,46.64735412597656,43.90876770019531
40_r_t,G0_seed3407,refer,detected,non_vessel,1825.0,825.0,45.622283935546875,46.9915771484375,45.622283935546875
40_r_t,G0_seed3407,refer,detected,junction,2153.0,832.0,0.0,2.73858642578125,0.0
40_r_t,G0_seed3407,refer,detected,junction,2028.0,834.0,0.9550018310546875,0.9550018310546875,5.0628814697265625
40_r_t,G0_seed3407,refer,detected,non_vessel,1346.0,839.0,57.187408447265625,60.71954345703125,57.187408447265625
40_r_t,G0_seed3407,refer,detected,non_vessel,1026.0,841.0,36.290069580078125,39.028656005859375,36.290069580078125
40_r_t,G0_seed3407,refer,detected,non_vessel,371.0,850.0,122.05746459960938,125.46318054199219,122.05746459960938
40_r_t,G0_seed3407,refer,detected,non_vessel,310.0,852.0,179.48399353027344,182.88970947265625,179.48399353027344
40_r_t,G0_seed3407,refer,detected,non_vessel,688.0,855.0,16.97222900390625,17.512939453125,16.97222900390625
40_r_t,G0_seed3407,refer,detected,non_vessel,745.0,855.0,38.487945556640625,40.39794921875,38.487945556640625
40_r_t,G0_seed3407,refer,detected,junction,1086.0,855.0,0.9550018310546875,1.369293212890625,3.279296875
40_r_t,G0_seed3407,refer,detected,non_vessel,1778.0,859.0,14.77435302734375,20.377944946289062,14.77435302734375
40_r_t,G0_seed3407,refer,detected,junction,1400.0,864.0,1.910003662109375,1.910003662109375,4.2342987060546875
40_r_t,G0_seed3407,refer,detected,non_vessel,482.0,868.0,8.595016479492188,12.829315185546875,8.595016479492188
40_r_t,G0_seed3407,refer,detected,non_vessel,813.0,870.0,70.55743408203125,71.80030822753906,70.55743408203125
40_r_t,G0_seed3407,refer,detected,non_vessel,914.0,870.0,26.557281494140625,26.557281494140625,29.134414672851562
40_r_t,G0_seed3407,refer,detected,junction,1167.0,879.0,0.9550018310546875,0.9550018310546875,3.6935882568359375
40_r_t,G0_seed3407,refer,detected,junction,1258.0,886.0,0.9550018310546875,2.3242950439453125,1.910003662109375
40_r_t,G0_seed3407,refer,detected,non_vessel,1704.0,888.0,57.187408447265625,58.55670166015625,57.187408447265625
40_r_t,G0_seed3407,refer,detected,non_vessel,2028.0,888.0,36.19868469238281,47.11799621582031,36.19868469238281
40_r_t,G0_seed3407,refer,detected,junction,624.0,899.0,2.3242950439453125,2.8650054931640625,4.7750091552734375
40_r_t,G0_seed3407,refer,detected,junction,1036.0,902.0,2.8650054931640625,2.8650054931640625,5.189300537109375
40_r_t,G0_seed3407,refer,detected,non_vessel,1339.0,902.0,63.4581298828125,68.05036926269531,63.4581298828125
40_r_t,G0_seed3407,refer,detected,non_vessel,1474.0,902.0,36.64801025390625,36.64801025390625,43.65592956542969
40_r_t,G0_seed3407,refer,detected,junction,685.0,906.0,2.8650054931640625,2.8650054931640625,9.711471557617188
40_r_t,G0_seed3407,refer,detected,non_vessel,2220.0,906.0,92.78903198242188,93.20332336425781,98.42765808105469
40_r_t,G0_seed3407,refer,detected,junction,1795.0,909.0,1.369293212890625,3.6935882568359375,4.2342987060546875
40_r_t,G0_seed3407,refer,detected,non_vessel,1613.0,918.0,70.14314270019531,71.51243591308594,70.14314270019531
40_r_t,G0_seed3407,refer,detected,junction,1927.0,918.0,4.648590087890625,5.0628814697265625,4.7750091552734375
40_r_t,G0_seed3407,refer,detected,junction,921.0,920.0,0.9550018310546875,3.6935882568359375,7.387176513671875
40_r_t,G0_seed3407,refer,detected,non_vessel,1407.0,924.0,34.03584289550781,35.40513610839844,42.21656799316406
40_r_t,G0_seed3407,refer,detected,junction,1883.0,929.0,2.73858642578125,3.279296875,4.2342987060546875
40_r_t,G0_seed3407,refer,detected,non_vessel,1312.0,931.0,28.340866088867188,29.710159301757812,28.340866088867188
40_r_t,G0_seed3407,refer,detected,junction,1069.0,933.0,0.9550018310546875,0.9550018310546875,3.6935882568359375
40_r_t,G0_seed3407,refer,detected,junction,1211.0,933.0,0.0,2.3242950439453125,2.73858642578125
40_r_t,G0_seed3407,refer,detected,junction,1731.0,933.0,5.189300537109375,6.55859375,5.189300537109375
40_r_t,G0_seed3407,refer,detected,junction,752.0,936.0,1.910003662109375,2.3242950439453125,14.233642578125
40_r_t,G0_seed3407,refer,detected,non_vessel,823.0,938.0,40.39794921875,43.13653564453125,40.39794921875
40_r_t,G0_seed3407,refer,detected,junction,600.0,940.0,1.369293212890625,3.279296875,9.423599243164062
40_r_t,G0_seed3407,refer,detected,junction,681.0,942.0,1.910003662109375,1.910003662109375,24.450790405273438
40_r_t,G0_seed3407,refer,detected,junction,1154.0,945.0,2.3242950439453125,2.3242950439453125,2.3242950439453125
40_r_t,G0_seed3407,refer,detected,junction,1491.0,951.0,5.189300537109375,5.4771728515625,5.189300537109375
40_r_t,G0_seed3407,refer,detected,junction,1677.0,951.0,0.9550018310546875,0.9550018310546875,8.054306030273438
40_r_t,G0_seed3407,refer,detected,junction,951.0,965.0,0.0,0.0,4.2342987060546875
40_r_t,G0_seed3407,refer,detected,non_vessel,2095.0,967.0,40.62947082519531,43.36805725097656,40.62947082519531
40_r_t,G0_seed3407,refer,detected,junction,1960.0,974.0,1.910003662109375,2.3242950439453125,1.910003662109375
40_r_t,G0_seed3407,refer,detected,junction,2025.0,974.0,1.910003662109375,1.910003662109375,5.189300537109375
40_r_t,G0_seed3407,refer,detected,non_vessel,492.0,978.0,12.450057983398438,15.188644409179688,12.450057983398438
40_r_t,G0_seed3407,refer,detected,junction,1738.0,978.0,3.279296875,3.279296875,12.415023803710938
40_r_t,G0_seed3407,refer,detected,junction,1879.0,978.0,0.9550018310546875,2.73858642578125,0.9550018310546875
40_r_t,G0_seed3407,refer,detected,junction,1670.0,985.0,5.189300537109375,5.189300537109375,5.189300537109375
40_r_t,G0_seed3407,refer,detected,junction,1015.0,987.0,0.9550018310546875,0.9550018310546875,0.9550018310546875
40_r_t,G0_seed3407,refer,detected,junction,597.0,990.0,0.0,0.0,2.73858642578125
40_r_t,G0_seed3407,refer,detected,junction,945.0,996.0,1.910003662109375,3.6935882568359375,2.3242950439453125
40_r_t,G0_seed3407,refer,detected,junction,1572.0,1001.0,1.369293212890625,1.369293212890625,8.468597412109375
40_r_t,G0_seed3407,refer,detected,junction,1370.0,1003.0,3.6935882568359375,4.2342987060546875,4.2342987060546875
40_r_t,G0_seed3407,refer,detected,junction,668.0,1005.0,2.8650054931640625,2.8650054931640625,16.108612060546875
40_r_t,G0_seed3407,refer,detected,junction,1474.0,1005.0,4.7750091552734375,4.7750091552734375,8.342178344726562
40_r_t,G0_seed3407,refer,detected,junction,445.0,1010.0,6.1443023681640625,6.6850128173828125,6.1443023681640625
40_r_t,G0_seed3407,refer,detected,junction,526.0,1012.0,4.107879638671875,4.107879638671875,8.468597412109375
40_r_t,G0_seed3407,refer,detected,non_vessel,853.0,1014.0,29.260833740234375,30.630126953125,29.260833740234375
40_r_t,G0_seed3407,refer,detected,junction,1950.0,1014.0,1.910003662109375,1.910003662109375,13.1171875
40_r_t,G0_seed3407,refer,detected,junction,1201.0,1017.0,1.910003662109375,2.3242950439453125,5.6035919189453125
40_r_t,G0_seed3407,refer,detected,junction,1667.0,1021.0,2.8650054931640625,2.8650054931640625,3.6935882568359375
40_r_t,G0_seed3407,refer,detected,junction,1130.0,1023.0,0.9550018310546875,2.3242950439453125,1.910003662109375
40_r_t,G0_seed3407,refer,detected,junction,1775.0,1026.0,1.910003662109375,1.910003662109375,7.5135955810546875
40_r_t,G0_seed3407,refer,detected,junction,1728.0,1030.0,5.189300537109375,5.189300537109375,5.4771728515625
40_r_t,G0_seed3407,refer,detected,junction,2136.0,1030.0,1.369293212890625,5.6035919189453125,1.369293212890625
40_r_t,G0_seed3407,refer,detected,junction,1012.0,1035.0,1.910003662109375,2.3242950439453125,5.189300537109375
40_r_t,G0_seed3407,refer,detected,junction,2018.0,1037.0,0.9550018310546875,2.3242950439453125,23.081497192382812
40_r_t,G0_seed3407,refer,detected,junction,594.0,1050.0,0.0,0.0,7.6400146484375
40_r_t,G0_seed3407,refer,detected,junction,641.0,1053.0,1.910003662109375,3.6935882568359375,1.910003662109375
40_r_t,G0_seed3407,refer,detected,junction,810.0,1055.0,2.73858642578125,2.73858642578125,12.162185668945312
40_r_t,G0_seed3407,refer,detected,junction,938.0,1055.0,1.369293212890625,1.369293212890625,2.73858642578125
40_r_t,G0_seed3407,refer,detected,junction,1549.0,1057.0,2.3242950439453125,3.279296875,3.82000732421875
40_r_t,G0_seed3407,refer,detected,junction,452.0,1064.0,2.73858642578125,3.279296875,5.6035919189453125
40_r_t,G0_seed3407,refer,detected,junction,1366.0,1071.0,0.0,0.0,1.369293212890625
40_r_t,G0_seed3407,refer,detected,junction,1414.0,1071.0,2.3242950439453125,2.8650054931640625,2.8650054931640625
40_r_t,G0_seed3407,refer,detected,junction,1714.0,1073.0,3.82000732421875,4.648590087890625,3.82000732421875
40_r_t,G0_seed3407,refer,detected,junction,1039.0,1075.0,0.9550018310546875,0.9550018310546875,5.4771728515625
40_r_t,G0_seed3407,refer,detected,junction,1478.0,1075.0,2.3242950439453125,6.4321746826171875,2.3242950439453125
40_r_t,G0_seed3407,refer,detected,junction,1657.0,1075.0,2.3242950439453125,2.3242950439453125,9.585052490234375
40_r_t,G0_seed3407,refer,detected,junction,1950.0,1075.0,1.910003662109375,5.0628814697265625,2.3242950439453125
40_r_t,G0_seed3407,refer,detected,junction,742.0,1080.0,2.8650054931640625,2.8650054931640625,4.2342987060546875
40_r_t,G0_seed3407,refer,detected,junction,1822.0,1084.0,1.369293212890625,3.6935882568359375,16.143646240234375
40_r_t,G0_seed3407,refer,detected,non_vessel,2122.0,1091.0,24.0364990234375,28.144378662109375,24.0364990234375
40_r_t,G0_seed3407,refer,detected,junction,1272.0,1100.0,0.0,0.0,11.46002197265625
40_r_t,G0_seed3407,refer,detected,junction,1609.0,1102.0,4.107879638671875,4.2342987060546875,4.2342987060546875
40_r_t,G0_seed3407,refer,detected,non_vessel,1366.0,1109.0,9.29718017578125,10.252182006835938,9.29718017578125
40_r_t,G0_seed3407,refer,detected,non_vessel,2041.0,1109.0,38.235107421875,38.558013916015625,38.235107421875
40_r_t,G0_seed3407,refer,detected,junction,1046.0,1111.0,3.279296875,6.55859375,5.0628814697265625
40_r_t,G0_seed3407,refer,detected,junction,1522.0,1111.0,5.189300537109375,5.189300537109375,42.50444030761719
40_r_t,G0_seed3407,refer,detected,endpoint,945.0,1116.0,5.730010986328125,8.468597412109375,5.730010986328125
40_r_t,G0_seed3407,refer,detected,non_vessel,553.0,1118.0,9.550018310546875,9.550018310546875,10.9193115234375
40_r_t,G0_seed3407,refer,detected,non_vessel,1981.0,1118.0,28.593704223632812,35.18733215332031,28.593704223632812
40_r_t,G0_seed3407,refer,detected,non_vessel,486.0,1120.0,35.69300842285156,36.290069580078125,35.69300842285156
40_r_t,G0_seed3407,refer,detected,junction,1856.0,1120.0,2.73858642578125,3.6935882568359375,2.73858642578125
40_r_t,G0_seed3407,refer,detected,junction,745.0,1122.0,3.6935882568359375,4.7750091552734375,7.6400146484375
40_r_t,G0_seed3407,refer,detected,junction,1140.0,1122.0,3.82000732421875,4.107879638671875,11.909347534179688
40_r_t,G0_seed3407,refer,detected,non_vessel,347.0,1125.0,31.458709716796875,32.8280029296875,31.458709716796875
40_r_t,G0_seed3407,refer,detected,non_vessel,610.0,1125.0,16.396484375,21.33294677734375,16.396484375
40_r_t,G0_seed3407,refer,detected,non_vessel,1798.0,1125.0,8.054306030273438,10.125762939453125,8.054306030273438
40_r_t,G0_seed3407,refer,detected,junction,1704.0,1134.0,0.9550018310546875,2.3242950439453125,12.829315185546875
40_r_t,G0_seed3407,refer,detected,junction,837.0,1136.0,0.0,0.0,2.73858642578125
40_r_t,G0_seed3407,refer,detected,junction,1751.0,1136.0,0.0,2.73858642578125,2.73858642578125
40_r_t,G0_seed3407,refer,detected,junction,1444.0,1138.0,2.3242950439453125,3.82000732421875,2.3242950439453125
40_r_t,G0_seed3407,refer,detected,junction,1056.0,1145.0,2.73858642578125,2.73858642578125,4.648590087890625
40_r_t,G0_seed3407,refer,detected,endpoint,2089.0,1145.0,0.9550018310546875,10.666473388671875,0.9550018310546875
40_r_t,G0_seed3407,refer,detected,junction,752.0,1152.0,0.9550018310546875,0.9550018310546875,4.2342987060546875
40_r_t,G0_seed3407,refer,detected,junction,985.0,1152.0,0.9550018310546875,6.01788330078125,3.6935882568359375
40_r_t,G0_seed3407,refer,detected,endpoint,1609.0,1167.0,7.09930419921875,10.792892456054688,7.09930419921875
40_r_t,G0_seed3407,refer,detected,junction,519.0,1174.0,2.3242950439453125,2.3242950439453125,8.7564697265625
40_r_t,G0_seed3407,refer,detected,non_vessel,587.0,1174.0,23.748626708984375,26.072921752929688,23.748626708984375
40_r_t,G0_seed3407,refer,detected,junction,823.0,1174.0,2.3242950439453125,5.730010986328125,2.3242950439453125
40_r_t,G0_seed3407,refer,detected,non_vessel,1562.0,1174.0,15.694320678710938,19.514328002929688,16.522903442382812
40_r_t,G0_seed3407,refer,detected,junction,1255.0,1179.0,0.9550018310546875,0.9550018310546875,3.82000732421875
40_r_t,G0_seed3407,refer,detected,junction,1940.0,1179.0,4.2342987060546875,4.7750091552734375,4.2342987060546875
40_r_t,G0_seed3407,refer,detected,junction,752.0,1185.0,1.369293212890625,1.910003662109375,6.6850128173828125
40_r_t,G0_seed3407,refer,detected,non_vessel,1458.0,1185.0,24.865081787109375,26.234375,24.865081787109375
40_r_t,G0_seed3407,refer,detected,non_vessel,1852.0,1188.0,16.522903442382812,17.892196655273438,16.522903442382812
40_r_t,G0_seed3407,refer,detected,junction,1049.0,1199.0,4.2342987060546875,4.2342987060546875,17.765777587890625
40_r_t,G0_seed3407,refer,detected,junction,938.0,1206.0,1.369293212890625,1.910003662109375,1.910003662109375
40_r_t,G0_seed3407,refer,detected,junction,1377.0,1208.0,2.73858642578125,3.82000732421875,7.5135955810546875
40_r_t,G0_seed3407,refer,detected,non_vessel,553.0,1217.0,26.613632202148438,26.613632202148438,27.154342651367188
40_r_t,G0_seed3407,refer,detected,junction,1495.0,1217.0,4.2342987060546875,4.7750091552734375,4.2342987060546875
40_r_t,G0_seed3407,refer,detected,non_vessel,1987.0,1217.0,16.4315185546875,17.800811767578125,16.4315185546875
40_r_t,G0_seed3407,refer,detected,junction,870.0,1221.0,2.3242950439453125,2.3242950439453125,17.639358520507812
40_r_t,G0_seed3407,refer,detected,junction,1134.0,1221.0,2.73858642578125,2.8650054931640625,4.2342987060546875
40_r_t,G0_seed3407,refer,detected,junction,948.0,1230.0,3.6935882568359375,3.6935882568359375,6.01788330078125
40_r_t,G0_seed3407,refer,detected,junction,1586.0,1230.0,4.2342987060546875,4.7750091552734375,4.2342987060546875
40_r_t,G0_seed3407,refer,detected,junction,786.0,1233.0,1.910003662109375,1.910003662109375,5.6035919189453125
40_r_t,G0_seed3407,refer,detected,junction,1667.0,1233.0,2.73858642578125,2.73858642578125,4.107879638671875
40_r_t,G0_seed3407,refer,detected,junction,1269.0,1244.0,3.279296875,3.279296875,3.279296875
40_r_t,G0_seed3407,refer,detected,junction,617.0,1246.0,0.0,0.9550018310546875,3.279296875
40_r_t,G0_seed3407,refer,detected,junction,1481.0,1248.0,1.369293212890625,4.648590087890625,3.279296875
40_r_t,G0_seed3407,refer,detected,junction,860.0,1251.0,1.910003662109375,4.7750091552734375,1.910003662109375
40_r_t,G0_seed3407,refer,detected,junction,1134.0,1257.0,3.279296875,6.4321746826171875,3.279296875
40_r_t,G0_seed3407,refer,detected,junction,1572.0,1269.0,2.3242950439453125,2.3242950439453125,6.846466064453125
40_r_t,G0_seed3407,refer,detected,endpoint,536.0,1275.0,5.6035919189453125,8.468597412109375,5.6035919189453125
40_r_t,G0_seed3407,refer,detected,junction,1285.0,1275.0,4.107879638671875,4.2342987060546875,4.107879638671875
40_r_t,G0_seed3407,refer,detected,junction,1350.0,1278.0,3.6935882568359375,3.6935882568359375,20.630783081054688
40_r_t,G0_seed3407,refer,detected,junction,1819.0,1278.0,4.107879638671875,4.107879638671875,6.01788330078125
40_r_t,G0_seed3407,refer,detected,junction,1177.0,1287.0,0.9550018310546875,0.9550018310546875,6.4321746826171875
40_r_t,G0_seed3407,refer,detected,junction,1711.0,1291.0,1.369293212890625,2.73858642578125,1.369293212890625
40_r_t,G0_seed3407,refer,detected,non_vessel,411.0,1298.0,24.071533203125,24.485824584960938,29.422286987304688
40_r_t,G0_seed3407,refer,detected,non_vessel,2025.0,1300.0,81.28025817871094,82.23526000976562,88.51969909667969
40_r_t,G0_seed3407,refer,detected,non_vessel,675.0,1302.0,40.5030517578125,41.45805358886719,45.31309509277344
40_r_t,G0_seed3407,refer,detected,junction,1501.0,1302.0,2.3242950439453125,3.6935882568359375,13.784317016601562
40_r_t,G0_seed3407,refer,detected,junction,1873.0,1307.0,0.9550018310546875,0.9550018310546875,0.9550018310546875
40_r_t,G0_seed3407,refer,detected,junction,533.0,1311.0,2.8650054931640625,3.6935882568359375,6.1443023681640625
40_r_t,G0_seed3407,refer,detected,junction,843.0,1311.0,2.3242950439453125,2.3242950439453125,3.6935882568359375
40_r_t,G0_seed3407,refer,detected,junction,1117.0,1311.0,2.73858642578125,3.6935882568359375,9.009307861328125
40_r_t,G0_seed3407,refer,detected,non_vessel,1954.0,1314.0,48.88026428222656,48.88026428222656,55.36878967285156
40_r_t,G0_seed3407,refer,detected,non_vessel,1032.0,1316.0,14.486480712890625,18.432907104492188,14.77435302734375
40_r_t,G0_seed3407,refer,detected,junction,1434.0,1325.0,2.3242950439453125,2.3242950439453125,20.125106811523438
40_r_t,G0_seed3407,refer,detected,junction,1677.0,1329.0,0.9550018310546875,4.2342987060546875,2.3242950439453125
40_r_t,G0_seed3407,refer,detected,junction,428.0,1334.0,5.730010986328125,7.927886962890625,5.730010986328125
40_r_t,G0_seed3407,refer,detected,junction,1333.0,1341.0,0.9550018310546875,2.73858642578125,2.3242950439453125
40_r_t,G0_seed3407,refer,detected,non_vessel,607.0,1343.0,33.115875244140625,34.07087707519531,38.88092041015625
40_r_t,G0_seed3407,refer,detected,junction,887.0,1352.0,0.0,0.0,7.8014678955078125
40_r_t,G0_seed3407,refer,detected,non_vessel,1991.0,1354.0,46.35948181152344,47.72877502441406,46.35948181152344
40_r_t,G0_seed3407,refer,detected,non_vessel,1096.0,1356.0,43.62089538574219,44.070220947265625,48.52232360839844
40_r_t,G0_seed3407,refer,detected,non_vessel,1566.0,1356.0,21.838623046875,23.081497192382812,21.838623046875
40_r_t,G0_seed3407,refer,detected,junction,1846.0,1359.0,2.3242950439453125,2.8650054931640625,24.232986450195312
40_r_t,G0_seed3407,refer,detected,junction,1026.0,1361.0,1.369293212890625,1.910003662109375,3.82000732421875
40_r_t,G0_seed3407,refer,detected,endpoint,1252.0,1361.0,5.6035919189453125,30.974349975585938,5.6035919189453125
40_r_t,G0_seed3407,refer,detected,junction,513.0,1368.0,1.369293212890625,3.82000732421875,3.279296875
40_r_t,G0_seed3407,refer,detected,junction,1616.0,1370.0,4.7750091552734375,5.730010986328125,5.6035919189453125
40_r_t,G0_seed3407,refer,detected,junction,1366.0,1377.0,3.279296875,4.2342987060546875,5.6035919189453125
40_r_t,G0_seed3407,refer,detected,junction,921.0,1383.0,2.3242950439453125,2.8650054931640625,5.189300537109375
40_r_t,G0_seed3407,refer,detected,non_vessel,648.0,1390.0,31.676513671875,33.17222595214844,31.676513671875
40_r_t,G0_seed3407,refer,detected,junction,823.0,1392.0,2.73858642578125,7.5135955810546875,2.73858642578125
40_r_t,G0_seed3407,refer,detected,non_vessel,1302.0,1392.0,10.252182006835938,13.531478881835938,10.252182006835938
40_r_t,G0_seed3407,refer,detected,junction,1677.0,1392.0,1.369293212890625,1.910003662109375,1.369293212890625
40_r_t,G0_seed3407,refer,detected,junction,1167.0,1406.0,5.6035919189453125,6.55859375,5.6035919189453125
40_r_t,G0_seed3407,refer,detected,junction,1262.0,1406.0,0.0,1.910003662109375,3.279296875
40_r_t,G0_seed3407,refer,detected,non_vessel,486.0,1408.0,8.342178344726562,12.864349365234375,8.342178344726562
40_r_t,G0_seed3407,refer,detected,junction,1802.0,1410.0,3.6935882568359375,4.2342987060546875,7.6400146484375
40_r_t,G0_seed3407,refer,detected,non_vessel,1869.0,1410.0,23.116531372070312,25.855117797851562,23.116531372070312
40_r_t,G0_seed3407,refer,detected,non_vessel,2041.0,1410.0,96.56028747558594,99.20748901367188,96.56028747558594
40_r_t,G0_seed3407,refer,detected,junction,1431.0,1417.0,2.73858642578125,2.73858642578125,5.4771728515625
40_r_t,G0_seed3407,refer,detected,non_vessel,1937.0,1419.0,24.703628540039062,27.442214965820312,24.703628540039062
40_r_t,G0_seed3407,refer,detected,non_vessel,1572.0,1426.0,39.3865966796875,40.88230895996094,39.3865966796875
40_r_t,G0_seed3407,refer,detected,junction,1738.0,1426.0,1.910003662109375,1.910003662109375,4.2342987060546875
40_r_t,G0_seed3407,refer,detected,non_vessel,1049.0,1428.0,62.97377014160156,66.6673583984375,65.29806518554688
40_r_t,G0_seed3407,refer,detected,junction,816.0,1431.0,2.3242950439453125,2.8650054931640625,2.3242950439453125
40_r_t,G0_seed3407,refer,detected,non_vessel,1103.0,1433.0,62.489410400390625,62.489410400390625,63.19157409667969
40_r_t,G0_seed3407,refer,detected,junction,546.0,1435.0,2.3242950439453125,2.3242950439453125,7.6400146484375
40_r_t,G0_seed3407,refer,detected,non_vessel,1238.0,1449.0,9.837890625,11.207183837890625,9.837890625
40_r_t,G0_seed3407,refer,detected,junction,1927.0,1451.0,2.8650054931640625,2.8650054931640625,10.666473388671875
40_r_t,G0_seed3407,refer,detected,non_vessel,1363.0,1453.0,8.054306030273438,9.423599243164062,8.054306030273438
40_r_t,G0_seed3407,refer,detected,non_vessel,661.0,1455.0,94.9945068359375,97.31880187988281,94.9945068359375
40_r_t,G0_seed3407,refer,detected,junction,982.0,1460.0,0.9550018310546875,1.369293212890625,10.9193115234375
40_r_t,G0_seed3407,refer,detected,junction,1194.0,1464.0,1.369293212890625,1.910003662109375,1.369293212890625
40_r_t,G0_seed3407,refer,detected,non_vessel,1113.0,1467.0,53.227264404296875,53.227264404296875,56.21868896484375
40_r_t,G0_seed3407,refer,detected,junction,1431.0,1478.0,0.0,4.2342987060546875,6.01788330078125
40_r_t,G0_seed3407,refer,detected,junction,1488.0,1480.0,1.910003662109375,2.3242950439453125,8.7564697265625
40_r_t,G0_seed3407,refer,detected,non_vessel,536.0,1482.0,25.279373168945312,26.648666381835938,25.279373168945312
40_r_t,G0_seed3407,refer,detected,non_vessel,813.0,1494.0,42.05511474609375,43.424407958984375,42.05511474609375
40_r_t,G0_seed3407,refer,detected,non_vessel,1751.0,1496.0,27.89154052734375,32.540130615234375,27.89154052734375
40_r_t,G0_seed3407,refer,detected,junction,1893.0,1507.0,0.9550018310546875,3.279296875,3.82000732421875
40_r_t,G0_seed3407,refer,detected,non_vessel,1339.0,1509.0,12.288604736328125,14.072189331054688,12.288604736328125
40_r_t,G0_seed3407,refer,detected,junction,1002.0,1514.0,0.9550018310546875,0.9550018310546875,13.65789794921875
40_r_t,G0_seed3407,refer,detected,non_vessel,1846.0,1514.0,20.539398193359375,24.232986450195312,20.539398193359375
40_r_t,G0_seed3407,refer,detected,junction,1107.0,1518.0,3.279296875,3.279296875,8.342178344726562
40_r_t,G0_seed3407,refer,detected,non_vessel,1164.0,1523.0,47.94657897949219,47.94657897949219,48.072998046875
40_r_t,G0_seed3407,refer,detected,junction,1461.0,1523.0,1.369293212890625,2.73858642578125,1.369293212890625
40_r_t,G0_seed3407,refer,detected,junction,1258.0,1527.0,0.0,1.369293212890625,0.0
40_r_t,G0_seed3407,refer,detected,endpoint,1660.0,1527.0,5.4771728515625,8.054306030273438,5.4771728515625
40_r_t,G0_seed3407,refer,detected,non_vessel,813.0,1536.0,70.83158874511719,72.20088195800781,70.83158874511719
40_r_t,G0_seed3407,refer,detected,non_vessel,1748.0,1539.0,57.63673400878906,58.051025390625,60.501739501953125
40_r_t,G0_seed3407,refer,detected,non_vessel,745.0,1541.0,97.47265625,98.84194946289062,97.47265625
40_r_t,G0_seed3407,refer,detected,non_vessel,1539.0,1541.0,13.243606567382812,13.243606567382812,15.602935791015625
40_r_t,G0_seed3407,refer,detected,junction,1019.0,1550.0,0.9550018310546875,2.3242950439453125,0.9550018310546875
40_r_t,G0_seed3407,refer,detected,non_vessel,1879.0,1557.0,14.360061645507812,14.77435302734375,24.61224365234375
40_r_t,G0_seed3407,refer,detected,junction,1383.0,1559.0,6.4321746826171875,6.4321746826171875,6.55859375
40_r_t,G0_seed3407,refer,detected,non_vessel,813.0,1572.0,36.45152282714844,37.82081604003906,36.45152282714844
40_r_t,G0_seed3407,refer,detected,endpoint,1572.0,1575.0,0.9550018310546875,11.333602905273438,0.9550018310546875
40_r_t,G0_seed3407,refer,detected,junction,1292.0,1577.0,3.6935882568359375,5.0628814697265625,6.01788330078125
40_r_t,G0_seed3407,refer,detected,junction,1039.0,1584.0,0.9550018310546875,3.6935882568359375,4.648590087890625
40_r_t,G0_seed3407,refer,detected,non_vessel,1744.0,1588.0,44.32305908203125,44.32305908203125,45.02522277832031
40_r_t,G0_seed3407,refer,detected,non_vessel,1218.0,1593.0,66.68107604980469,66.68107604980469,69.60243225097656
40_r_t,G0_seed3407,refer,detected,non_vessel,1670.0,1597.0,9.29718017578125,9.29718017578125,14.325027465820312
40_r_t,G0_seed3407,refer,detected,junction,1134.0,1599.0,6.1443023681640625,6.6850128173828125,6.1443023681640625
40_r_t,G0_seed3407,refer,detected,non_vessel,1447.0,1613.0,26.683700561523438,26.683700561523438,26.936538696289062
40_r_t,G0_seed3407,refer,detected,non_vessel,1913.0,1615.0,83.83607482910156,84.2503662109375,94.0882568359375
40_r_t,G0_seed3407,refer,detected,non_vessel,1620.0,1640.0,42.21656799316406,42.630859375,45.91015625
40_r_t,G0_seed3407,refer,detected,non_vessel,874.0,1644.0,58.25511169433594,58.25511169433594,59.785858154296875
40_r_t,G0_seed3407,refer,detected,non_vessel,1255.0,1651.0,57.693084716796875,62.594512939453125,57.693084716796875
40_r_t,G0_seed3407,refer,detected,non_vessel,1056.0,1653.0,57.46156311035156,67.46090698242188,57.46156311035156
40_r_t,G0_seed3407,refer,detected,junction,1343.0,1653.0,1.369293212890625,1.369293212890625,5.189300537109375
40_r_t,G0_seed3407,refer,detected,non_vessel,1522.0,1653.0,27.982925415039062,30.721511840820312,27.982925415039062
40_r_t,G0_seed3407,refer,detected,non_vessel,1674.0,1653.0,61.1201171875,61.1201171875,66.85012817382812
40_r_t,G0_seed3407,refer,detected,junction,799.0,1656.0,0.9550018310546875,0.9550018310546875,1.910003662109375
40_r_t,G0_seed3407,query,ratio,junction,799.0,684.0,4.7750091552734375,5.0628814697265625,26.77508544921875
40_r_t,G0_seed3407,query,ratio,junction,850.0,720.0,2.73858642578125,2.73858642578125,6.1443023681640625
40_r_t,G0_seed3407,query,ratio,non_vessel,887.0,760.0,48.465972900390625,49.2945556640625,48.465972900390625
40_r_t,G0_seed3407,query,ratio,junction,519.0,926.0,4.2342987060546875,6.846466064453125,4.2342987060546875
40_r_t,G0_seed3407,query,ratio,junction,1215.0,956.0,0.0,6.55859375,6.01788330078125
40_r_t,G0_seed3407,query,ratio,junction,742.0,1055.0,3.6935882568359375,3.82000732421875,6.1443023681640625
40_r_t,G0_seed3407,query,ratio,junction,1056.0,1073.0,2.3242950439453125,2.73858642578125,2.8650054931640625
40_r_t,G0_seed3407,query,ratio,endpoint,911.0,1089.0,3.279296875,9.837890625,6.4321746826171875
40_r_t,G0_seed3407,query,ratio,junction,1201.0,1136.0,0.9550018310546875,3.6935882568359375,3.279296875
40_r_t,G0_seed3407,query,ratio,junction,1056.0,1206.0,0.9550018310546875,3.279296875,7.8014678955078125
40_r_t,G0_seed3407,query,ratio,junction,978.0,1266.0,4.2342987060546875,6.846466064453125,4.2342987060546875
40_r_t,G0_seed3407,query,ratio,junction,1336.0,1278.0,3.6935882568359375,3.6935882568359375,6.01788330078125
40_r_t,G0_seed3407,query,ratio,junction,1397.0,1291.0,2.3242950439453125,2.3242950439453125,4.648590087890625
40_r_t,G0_seed3407,query,ratio,junction,1019.0,1305.0,0.9550018310546875,5.0628814697265625,7.8014678955078125
40_r_t,G0_seed3407,query,ratio,junction,1508.0,1309.0,0.0,0.0,6.1443023681640625
40_r_t,G0_seed3407,query,ratio,non_vessel,668.0,1311.0,26.142990112304688,29.295867919921875,26.142990112304688
40_r_t,G0_seed3407,query,ratio,junction,1215.0,1329.0,1.369293212890625,1.910003662109375,1.369293212890625
40_r_t,G0_seed3407,query,ratio,junction,1282.0,1336.0,2.3242950439453125,2.8650054931640625,20.630783081054688
40_r_t,G0_seed3407,query,ratio,junction,1613.0,1347.0,0.0,0.0,3.279296875
40_r_t,G0_seed3407,query,ratio,junction,1252.0,1386.0,0.9550018310546875,0.9550018310546875,8.882888793945312
40_r_t,G0_seed3407,query,ratio,junction,1339.0,1415.0,0.9550018310546875,1.910003662109375,6.01788330078125
40_r_t,G0_seed3407,query,ratio,junction,1289.0,1440.0,2.3242950439453125,2.8650054931640625,2.3242950439453125
40_r_t,G0_seed3407,query,ratio,junction,1103.0,1444.0,2.3242950439453125,4.648590087890625,6.55859375
40_r_t,G0_seed3407,query,ratio,junction,1744.0,1491.0,1.369293212890625,6.55859375,1.910003662109375
40_r_t,G0_seed3407,refer,ratio,junction,698.0,688.0,5.0628814697265625,5.0628814697265625,8.595016479492188
40_r_t,G0_seed3407,refer,ratio,junction,783.0,551.0,2.73858642578125,2.73858642578125,14.360061645507812
40_r_t,G0_seed3407,refer,ratio,non_vessel,803.0,625.0,58.9923095703125,60.867279052734375,58.9923095703125
40_r_t,G0_seed3407,refer,ratio,non_vessel,310.0,852.0,179.48399353027344,182.88970947265625,179.48399353027344
40_r_t,G0_seed3407,refer,ratio,endpoint,945.0,1116.0,5.730010986328125,8.468597412109375,5.730010986328125
40_r_t,G0_seed3407,refer,ratio,junction,526.0,1012.0,4.107879638671875,4.107879638671875,8.468597412109375
40_r_t,G0_seed3407,refer,ratio,junction,938.0,1055.0,1.369293212890625,1.369293212890625,2.73858642578125
40_r_t,G0_seed3407,refer,ratio,junction,742.0,1080.0,2.8650054931640625,2.8650054931640625,4.2342987060546875
40_r_t,G0_seed3407,refer,ratio,junction,1140.0,1122.0,3.82000732421875,4.107879638671875,11.909347534179688
40_r_t,G0_seed3407,refer,ratio,junction,948.0,1230.0,3.6935882568359375,3.6935882568359375,6.01788330078125
40_r_t,G0_seed3407,refer,ratio,junction,843.0,1311.0,2.3242950439453125,2.3242950439453125,3.6935882568359375
40_r_t,G0_seed3407,refer,ratio,junction,1333.0,1341.0,0.9550018310546875,2.73858642578125,2.3242950439453125
40_r_t,G0_seed3407,refer,ratio,junction,1434.0,1325.0,2.3242950439453125,2.3242950439453125,20.125106811523438
40_r_t,G0_seed3407,refer,ratio,junction,887.0,1352.0,0.0,0.0,7.8014678955078125
40_r_t,G0_seed3407,refer,ratio,non_vessel,1566.0,1356.0,21.838623046875,23.081497192382812,21.838623046875
40_r_t,G0_seed3407,refer,ratio,junction,428.0,1334.0,5.730010986328125,7.927886962890625,5.730010986328125
40_r_t,G0_seed3407,refer,ratio,junction,1167.0,1406.0,5.6035919189453125,6.55859375,5.6035919189453125
40_r_t,G0_seed3407,refer,ratio,junction,1262.0,1406.0,0.0,1.910003662109375,3.279296875
40_r_t,G0_seed3407,refer,ratio,junction,1738.0,1426.0,1.910003662109375,1.910003662109375,4.2342987060546875
40_r_t,G0_seed3407,refer,ratio,junction,1194.0,1464.0,1.369293212890625,1.910003662109375,1.369293212890625
40_r_t,G0_seed3407,refer,ratio,non_vessel,1339.0,1509.0,12.288604736328125,14.072189331054688,12.288604736328125
40_r_t,G0_seed3407,refer,ratio,junction,1258.0,1527.0,0.0,1.369293212890625,0.0
40_r_t,G0_seed3407,refer,ratio,junction,1019.0,1550.0,0.9550018310546875,2.3242950439453125,0.9550018310546875
40_r_t,G0_seed3407,refer,ratio,non_vessel,1913.0,1615.0,83.83607482910156,84.2503662109375,94.0882568359375
40_r_t,G0_seed3407,query,final,junction,1056.0,1073.0,2.3242950439453125,2.73858642578125,2.8650054931640625
40_r_t,G0_seed3407,query,final,endpoint,911.0,1089.0,3.279296875,9.837890625,6.4321746826171875
40_r_t,G0_seed3407,query,final,junction,1056.0,1206.0,0.9550018310546875,3.279296875,7.8014678955078125
40_r_t,G0_seed3407,query,final,junction,978.0,1266.0,4.2342987060546875,6.846466064453125,4.2342987060546875
40_r_t,G0_seed3407,query,final,junction,1336.0,1278.0,3.6935882568359375,3.6935882568359375,6.01788330078125
40_r_t,G0_seed3407,query,final,junction,1019.0,1305.0,0.9550018310546875,5.0628814697265625,7.8014678955078125
40_r_t,G0_seed3407,query,final,junction,1215.0,1329.0,1.369293212890625,1.910003662109375,1.369293212890625
40_r_t,G0_seed3407,query,final,junction,1282.0,1336.0,2.3242950439453125,2.8650054931640625,20.630783081054688
40_r_t,G0_seed3407,query,final,junction,1613.0,1347.0,0.0,0.0,3.279296875
40_r_t,G0_seed3407,query,final,junction,1289.0,1440.0,2.3242950439453125,2.8650054931640625,2.3242950439453125
40_r_t,G0_seed3407,query,final,junction,1744.0,1491.0,1.369293212890625,6.55859375,1.910003662109375
40_r_t,G0_seed3407,refer,final,junction,938.0,1055.0,1.369293212890625,1.369293212890625,2.73858642578125
40_r_t,G0_seed3407,refer,final,junction,742.0,1080.0,2.8650054931640625,2.8650054931640625,4.2342987060546875
40_r_t,G0_seed3407,refer,final,junction,948.0,1230.0,3.6935882568359375,3.6935882568359375,6.01788330078125
40_r_t,G0_seed3407,refer,final,junction,843.0,1311.0,2.3242950439453125,2.3242950439453125,3.6935882568359375
40_r_t,G0_seed3407,refer,final,junction,1333.0,1341.0,0.9550018310546875,2.73858642578125,2.3242950439453125
40_r_t,G0_seed3407,refer,final,junction,887.0,1352.0,0.0,0.0,7.8014678955078125
40_r_t,G0_seed3407,refer,final,junction,1167.0,1406.0,5.6035919189453125,6.55859375,5.6035919189453125
40_r_t,G0_seed3407,refer,final,junction,1262.0,1406.0,0.0,1.910003662109375,3.279296875
40_r_t,G0_seed3407,refer,final,junction,1738.0,1426.0,1.910003662109375,1.910003662109375,4.2342987060546875
40_r_t,G0_seed3407,refer,final,junction,1258.0,1527.0,0.0,1.369293212890625,0.0
40_r_t,G0_seed3407,refer,final,non_vessel,1913.0,1615.0,83.83607482910156,84.2503662109375,94.0882568359375
40_r_t,G0_seed3407,query,first_stage_inlier,junction,1056.0,1073.0,2.3242950439453125,2.73858642578125,2.8650054931640625
40_r_t,G0_seed3407,query,first_stage_inlier,endpoint,911.0,1089.0,3.279296875,9.837890625,6.4321746826171875
40_r_t,G0_seed3407,query,first_stage_inlier,junction,1056.0,1206.0,0.9550018310546875,3.279296875,7.8014678955078125
40_r_t,G0_seed3407,query,first_stage_inlier,junction,978.0,1266.0,4.2342987060546875,6.846466064453125,4.2342987060546875
40_r_t,G0_seed3407,query,first_stage_inlier,junction,1336.0,1278.0,3.6935882568359375,3.6935882568359375,6.01788330078125
40_r_t,G0_seed3407,query,first_stage_inlier,junction,1019.0,1305.0,0.9550018310546875,5.0628814697265625,7.8014678955078125
40_r_t,G0_seed3407,query,first_stage_inlier,junction,1215.0,1329.0,1.369293212890625,1.910003662109375,1.369293212890625
40_r_t,G0_seed3407,query,first_stage_inlier,junction,1282.0,1336.0,2.3242950439453125,2.8650054931640625,20.630783081054688
40_r_t,G0_seed3407,query,first_stage_inlier,junction,1613.0,1347.0,0.0,0.0,3.279296875
40_r_t,G0_seed3407,query,first_stage_inlier,junction,1289.0,1440.0,2.3242950439453125,2.8650054931640625,2.3242950439453125
40_r_t,G0_seed3407,query,first_stage_inlier,junction,1744.0,1491.0,1.369293212890625,6.55859375,1.910003662109375
40_r_t,G0_seed3407,refer,first_stage_inlier,junction,938.0,1055.0,1.369293212890625,1.369293212890625,2.73858642578125
40_r_t,G0_seed3407,refer,first_stage_inlier,junction,742.0,1080.0,2.8650054931640625,2.8650054931640625,4.2342987060546875
40_r_t,G0_seed3407,refer,first_stage_inlier,junction,948.0,1230.0,3.6935882568359375,3.6935882568359375,6.01788330078125
40_r_t,G0_seed3407,refer,first_stage_inlier,junction,843.0,1311.0,2.3242950439453125,2.3242950439453125,3.6935882568359375
40_r_t,G0_seed3407,refer,first_stage_inlier,junction,1333.0,1341.0,0.9550018310546875,2.73858642578125,2.3242950439453125
40_r_t,G0_seed3407,refer,first_stage_inlier,junction,887.0,1352.0,0.0,0.0,7.8014678955078125
40_r_t,G0_seed3407,refer,first_stage_inlier,junction,1167.0,1406.0,5.6035919189453125,6.55859375,5.6035919189453125
40_r_t,G0_seed3407,refer,first_stage_inlier,junction,1262.0,1406.0,0.0,1.910003662109375,3.279296875
40_r_t,G0_seed3407,refer,first_stage_inlier,junction,1738.0,1426.0,1.910003662109375,1.910003662109375,4.2342987060546875
40_r_t,G0_seed3407,refer,first_stage_inlier,junction,1258.0,1527.0,0.0,1.369293212890625,0.0
40_r_t,G0_seed3407,refer,first_stage_inlier,non_vessel,1913.0,1615.0,83.83607482910156,84.2503662109375,94.0882568359375
